post_slug,post_title,kb_header_metier_title
expert-comptable-btp,Expert Comptable BTP : Audit Gratuit & Optimisation | Keobiz,Expert-Comptable Spécialisé BTP : Sécurisez Vos Marges et Réduisez Vos Impôts
expert-comptable-industrie,Expert Comptable Industrie : Optimisez Coûts & Trésorerie | Keobiz,L'expert-comptable spécialisé <strong>industrie</strong> qui sécurise vos marges et finance votre croissance
expert-comptable-informatique,Expert Comptable Informatique : Automatisation & Conseil | Keobiz,L'Expert-Comptable Informatique qui automatise votre gestion et sécurise vos données
expert-comptable-e-commerce,"Expert-Comptable E-commerce : Spécialiste Shopify, Amazon & Dropshipping | Keobiz","L'expertise comptable dédiée au e-commerce : Gagnez du temps, sécurisez votre TVA et boostez votre rentabilité"
expert-comptable-artisan,Expert-Comptable Artisan : Compta Simplifiée & Optimisée | Keobiz,"Expert-comptable pour artisans : Consacrez-vous à vos chantiers, nous gérons les chiffres"
expert-comptable-plombier,"Expert-Comptable Plombier : Bilan, TVA & Optimisation | Keobiz","L'Expert-Comptable Spécialiste des Plombiers : <span class='highlight'>Zéro Paperasse, 100% Chantier</span>"
expert-comptable-sage-femme-liberale,Expert-Comptable Sage-Femme Libérale : Gestion & Optimisation | Keobiz,Expert-comptable dédié aux sages-femmes libérales : libérez-vous de la paperasse
expert-comptable-presse,Expert-Comptable Presse & Journalistes | Audit Gratuit - Keobiz,"Paie, Droits d'Auteur, TVA : On s'occupe de tout, vous créez."
expert-comptable-artiste,Expert Comptable Artiste : Audit Fiscal Gratuit & Gestion Simplifiée,"Expert-comptable pour artistes : Moins d'impôts, plus de temps pour créer"
expert-comptable-traiteur,Expert-Comptable pour Traiteur : Optimisez vos Marges | Keobiz,Boostez la rentabilité de votre activité traiteur sans y passer vos nuits
expert-comptable-graphiste-freelance,Expert-Comptable pour Graphiste Freelance : Devis Gratuit | Keobiz,L'expert-comptable qui parle le langage des graphistes freelances
expert-comptable-bar,Expert Comptable Bar & Café | Spécialiste CHR - Keobiz,"Expert-comptable pour bars : Gérez vos clients, nous gérons la conformité et la rentabilité"
expert-comptable-coiffeur,Expert Comptable Coiffeur : Spécialiste Salons & Domicile | Keobiz,"Expert-comptable pour coiffeurs : <br>Gérez moins, coiffez plus."
expert-comptable-boulangerie,Expert Comptable Boulangerie : Optimisez vos Marges & Gagnez du Temps,"Votre Boulangerie Mérite un Expert-Comptable Spécialisé, Pas un Généraliste"
expert-comptable-charpentier,Expert-Comptable Charpentier | Keobiz - Audit & Devis Gratuit,"Expert-comptable pour Charpentiers : Lâchez la paperasse, retournez sur vos chantiers"
expert-comptable-esn,Expert Comptable ESN & Freelance IT - Keobiz | Devis Gratuit,"Expert-Comptable pour ESN & Freelances IT : Développez votre CA, nous gérons le reste"
expert-comptable-bureau-d'étude,Expert-Comptable Bureau d'Étude : Optimisation & Conformité | Keobiz,Expert-Comptable pour Bureau d'Étude : Optimisez votre rentabilité et sécurisez vos projets
expert-comptable-sci,"Expert-Comptable SCI : Bilan, Liasse 2072 & Conseils | Keobiz",Votre comptabilité SCI 100% conforme et optimisée fiscalement
expert-comptable-agence-immobilière,Expert Comptable Agence Immobilière : Audit Gratuit | Keobiz,Expert-comptable pour agences immobilières : Sécurisez votre fiscalité et augmentez vos marges
expert-comptable-menuisier,"Expert-comptable Menuisier : Gérez Moins, Gagnez Plus | Keobiz","Expert-comptable pour Menuisiers — Votre place est à l'atelier, pas dans les papiers."
expert-comptable-formateur,Formation Gestion & Compta par Expert-Comptable Formateur | Keobiz,Maîtrisez votre comptabilité — sans jargon — avec un <span>expert-comptable formateur</span>
expert-comptable-services-aux-entreprises,Expert Comptable Services aux Entreprises : Devis Gratuit | Keobiz,Expert-comptable dédié aux TPE : conformité garantie et charges optimisées
expert-comptable-menuisier,Expert-Comptable Menuisier : Comptabilité & Fiscalité Simplifiées | Keobiz,Expert-Comptable Spécialisé Menuisiers : Gagnez du Temps et Réduisez vos Impôts
expert-comptable-entreprise-de-nettoyage,Expert Comptable Entreprise de Nettoyage : Devis & Audit Gratuit | Keobiz,Un expert-comptable spécialisé nettoyage pour sécuriser vos marges et simplifier vos paies
expert-comptable-plomberie,Expert-Comptable Plomberie : Spécialiste Artisans | Keobiz,"La comptabilité pensée pour les artisans plombiers : claire, sécurisée, rentable"
expert-comptable-gestion-de-patrimoine,Expert Comptable Gestion de Patrimoine : Audit Gratuit | Keobiz,Réduisez vos impôts et sécurisez votre patrimoine avec un Expert-Comptable
expert-comptable-services-aux-entreprises,Expert comptable services aux entreprises : Devis gratuit | Keobiz,"Votre expert-comptable services aux entreprises : Pilotez, on s'occupe du reste"
expert-comptable-developpeur-freelance,Expert-Comptable & Développeur Freelance : Compta Automatisée & Sûre,"Expert-Comptable + Développeur : Automatisez votre gestion, sécurisez votre croissance"
expert-comptable-électricien,Expert comptable électricien : Spécialiste BTP & Artisans | Keobiz,"L'expert-comptable dédié aux électriciens : simple, sûr et rentable"
expert-comptable-commerce-de-gros,Expert-comptable Commerce de Gros : +10% Rentabilité & -20h Admin | Keobiz,Commerce de Gros : Récupérez 15–20h/mois d'admin et gagnez jusqu'à 10% de rentabilité
expert-comptable-enseignement,Expert-Comptable Enseignement & Formation : Sérénité Fiscale | Keobiz,Enseignants & Formateurs : Déléguez votre comptabilité à un expert qui comprend votre métier
expert-comptable-courtier-en-assurance,Expert Comptable & Courtier en Assurance : Audit Gratuit | Keobiz,Expert-comptable + Courtier en assurance : 1 interlocuteur pour sécuriser vos revenus et réduire vos coûts
expert-comptable-dropshipping,Expert Comptable Dropshipping : Conformité TVA & Optimisation - Keobiz,Expert-comptable spécialisé Dropshipping : Sécurisez vos marges et dormez tranquille
expert-comptable-automobile,Expert Comptable Automobile : Spécialiste Garage & Vente | Keobiz,L'Expert-Comptable Spécialiste Automobile qui réduit vos impôts et sécurise votre activité
expert-comptable-agent-commercial-:-optimisez-votre-fiscalité,Expert Comptable Agent Commercial : Optimisez votre Fiscalité | Keobiz,"Agents Commerciaux : Transformez vos Commissions en Patrimoine, pas en Impôts"
expert-comptable-holding,Expert-Comptable Holding : Audit Gratuit & Optimisation Fiscale | Keobiz,"Expert-comptable spécialisé Holding : Moins d'impôts, plus de sécurité pour votre patrimoine"
expert-comptable-consultant,Expert Comptable Consultant : Optimisation & Gestion pour Indépendants | Keobiz,"Expert-Comptable Consultant : Vos finances optimisées, votre esprit libéré"
expert-comptable-serrurier,Expert Comptable Serrurier : Devis & Diagnostic Gratuit | Keobiz,L'expert-comptable qui comprend le métier de serrurier
expert-comptable-epicerie,Expert-Comptable Épicerie : Comptabilité & TVA Simplifiées | Keobiz,L'Expert-Comptable qui connaît (vraiment) les défis de votre Épicerie
expert-comptable-commerce,Expert Comptable Commerce : Compta Simplifiée & Audit Gratuit | Keobiz,"Développez votre commerce, nous gérons les chiffres : votre Expert-Comptable dédié."
expert-comptable-boucherie-charcuterie,Expert-Comptable Boucherie Charcuterie - Optimisez vos Marges | Keobiz,"Expert-comptable spécialiste Boucherie • Charcuterie — Optimisez vos marges, sécurisez vos obligations"
expert-comptable-medecin-liberal,Expert-Comptable Médecin Libéral : Optimisation Fiscale & Sérénité | Keobiz,Expert-comptable pour médecins libéraux : Réduisez vos impôts et sécurisez votre cabinet
expert-comptable-pour-freelance,Expert Comptable pour Freelance : Devis & Diagnostic Gratuit | Keobiz,"Expert-comptable pour freelance : Conformité, Optimisation et Zéro Stress"
expert-comptable-fleuriste,Expert Comptable Fleuriste : Gestion & Fiscalité sur-mesure | Keobiz,"Expert-Comptable pour Fleuristes : Cultivez votre activité, nous gérons la comptabilité"
expert-comptable-psychologue,Expert-comptable psychologue : Sérénité financière & Coaching | Keobiz,Expert-comptable & psychologue : Reprenez le contrôle de vos finances sans sacrifier votre sérénité
expert-comptable-transport-de-marchandises,Expert-Comptable Transport de Marchandises : Audit Gratuit | Keobiz,Expert-Comptable Transport de Marchandises : Optimisez votre Fiscalité et Roulez l'Esprit Libre
expert-comptable-librairie,Expert Comptable Librairie | Audit Gratuit & Gestion Spécialisée - Keobiz,"Expert-Comptable pour Librairies : Votre métier c'est le livre, le nôtre c'est de vous faire gagner du temps"
expert-comptable-poissonnerie,Expert Comptable Poissonnerie : Optimisez Marges & Trésorerie | Keobiz,Expert-comptable pour poissonneries : <br>Sécurisez votre trésorerie et optimisez vos marges sur les produits frais
expert-comptable-salon-de-coiffure,Expert Comptable Salon de Coiffure : Audit Fiscal Gratuit | Keobiz,"Expert-comptable pour salons de coiffure : Libérez-vous de la gestion, concentrez-vous sur vos clients"
expert-comptable-profession-liberale,Expert Comptable Profession Libérale : Gestion & Optimisation | Keobiz,Professions Libérales : L'Expert-Comptable qui sécurise votre activité et optimise vos revenus
expert-comptable-courtier,Expert Comptable Courtier : Optimisez Compta et Financement | Keobiz,"Votre Expert-Comptable et Courtier : Sécurisez vos comptes, débloquez vos financements"
expert-comptable-lmnp,Expert Comptable LMNP : Audit Gratuit & Optimisation Fiscale | Keobiz,Expert-comptable LMNP : Réduisez vos impôts locatifs à zéro (ou presque)
expert-comptable-immobilier,Expert Comptable Immobilier LMNP & SCI - Audit Gratuit | Keobiz,Expert-comptable immobilier : Transformez vos impôts en revenus locatifs nets
expert-comptable-hotellerie,Expert-Comptable Hôtellerie : Audit & Gestion Optimisée | Keobiz,Expert-comptable spécialisé Hôtellerie : sécurisez vos marges et libérez votre temps
expert-comptable-infirmiere-liberale,Expert Comptable Infirmière Libérale : Bilan Gratuit - Keobiz,Infirmière libérale : Récupérez 20h par mois et économisez 3 à 5k€/an sans stress fiscal
expert-comptable-vtc,Expert Comptable VTC : Gestion Fiscale Simplifiée & Optimisée | Keobiz,L'Expert-Comptable VTC qui transforme vos kilomètres en <span class='highlight'>revenus nets</span>
expert-comptable-consultant-freelance,Expert Comptable Consultant Freelance : Audit Offert | Keobiz,"Votre Expert-Comptable Freelance : Plus de Cash, Moins de Stress"
expert-comptable-hotellerie-et-restauration,Expert-Comptable Hôtellerie & Restauration : Diagnostic Gratuit | Keobiz,"Expert-comptable spécialisé Hôtellerie & Restauration — Conformité, trésorerie et marges optimisées"
expert-comptable-kinesitherapeute-liberal,Expert-Comptable Kinésithérapeute Libéral | Keobiz Spécialiste Santé,Expert-comptable pour kinés : <span class=\
expert-comptable-profession-libérale,Expert Comptable Profession Libérale - Keobiz : Fiscalité Optimisée,L'Expert-Comptable Dédié à la Réussite des Professions Libérales
expert-comptable-dentiste-liberal,Expert Comptable Dentiste Libéral : Optimisation & Audit Gratuit - Keobiz,Dentistes Libéraux : Optimisez vos revenus et sécurisez votre comptabilité sans y passer vos soirées
expert-comptable-photographe-freelance,Expert-Comptable pour Photographe Freelance : Devis Gratuit | Keobiz,Expert-Comptable pour <span class=\
expert-comptable-osteopathe-liberal,Expert Comptable Ostéopathe Libéral - Keobiz : Devis & Audit Gratuit,"Expert-comptable pour ostéopathe libéral : Soignez vos patients, nous soignons votre comptabilité"
expert-comptable-service-à-la-personne,Expert-Comptable Service à la Personne : Conformité & Optimisation - Keobiz,Expert-comptable spécialisé <span class=\
expert-comptable-garage-automobile,Expert Comptable Garage Automobile : Audit Gratuit & Économies | Keobiz,"Expert-comptable pour Garages : Moins de Paperasse, Plus de Marge"
expert-comptable-estheticienne,Expert-Comptable Esthéticienne : Spécialiste Instituts & Salons,"Expert-comptable pour esthéticiennes : plus de temps pour vos clientes, moins pour la paperasse"
