post_slug,post_title,item_0_title,item_0_desc_current,item_0_desc_new,item_1_title,item_1_desc_current,item_1_desc_new,item_2_title,item_2_desc_current,item_2_desc_new
expert-comptable-btp,Expert Comptable BTP : Audit Gratuit & Optimisation | Keobiz,+12kâ¬ d'Ã©conomies moyennes,En optimisant la fiscalitÃ© et en Ã©liminant les erreurs de TVA et les pÃ©nalitÃ©s de retard.,,10h de gagnÃ©es par mois,"Fini la saisie nocturne. Envoyez vos factures en photo, nous gÃ©rons tout le reste.",,SÃ©rÃ©nitÃ© absolue,"En cas de contrÃ´le, nous sommes en premiÃ¨re ligne. Votre dossier est blindÃ©.",
expert-comptable-industrie,Expert Comptable Industrie : Optimisez Coûts & Trésorerie | Keobiz,Gain de temps opÃ©rationnel,"LibÃ©rez-vous de 15h de gestion par mois grÃ¢ce Ã  nos outils d'automatisation (facturation, notes de frais). Concentrez-vous sur la production.",,VisibilitÃ© financiÃ¨re totale,"Anticipez vos besoins de trÃ©sorerie Ã  3 mois. Finies les mauvaises surprises, vous savez exactement combien vous pouvez investir.",,Ãconomies immÃ©diates,Nous identifions les coÃ»ts cachÃ©s et optimisons vos charges fiscales dÃ¨s le premier bilan pour maximiser votre rÃ©sultat net.,
expert-comptable-informatique,Expert Comptable Informatique : Automatisation & Conseil | Keobiz,Gagnez 10h par mois,RÃ©cupÃ©rez le temps perdu en administratif pour le rÃ©investir dans votre cÅur de mÃ©tier ou votre vie personnelle.,,SÃ©rÃ©nitÃ© Totale,"DÃ©lÃ©guez la responsabilitÃ© fiscale Ã  un expert-comptable inscrit Ã  l'Ordre. En cas de contrÃ´le, nous sommes en premiÃ¨re ligne.",,Optimisation Fiscale,"Nos experts analysent vos chiffres pour optimiser votre rÃ©munÃ©ration et dÃ©duire lÃ©galement vos frais (matÃ©riel, logiciels, home office).",
expert-comptable-e-commerce,"Expert-Comptable E-commerce : Spécialiste Shopify, Amazon & Dropshipping | Keobiz",Gain de temps immÃ©diat,Nos clients Ã©conomisent en moyenne 15h par mois sur leur gestion administrative. Du temps rÃ©investi dans le marketing et le sourcing.,,SÃ©rÃ©nitÃ© absolue,"Dormez sur vos deux oreilles : votre comptabilitÃ© est tenue par des professionnels agrÃ©Ã©s. ZÃ©ro retard, zÃ©ro pÃ©nalitÃ©.",,Conseil pro-actif,"Plus qu'un bilan, recevez des conseils stratÃ©giques pour structurer votre croissance (passage en sociÃ©tÃ©, holding, TVA).",
expert-comptable-artisan,Expert-Comptable Artisan : Compta Simplifiée & Optimisée | Keobiz,Gagnez 10h par mois,DÃ©lÃ©guez 100% de la gestion comptable et rÃ©cupÃ©rez du temps prÃ©cieux pour vos clients ou votre repos.,,Ãconomies RÃ©elles,Nos conseils d'optimisation couvrent souvent largement le coÃ»t de nos honoraires annuels.,,RÃ©activitÃ© sous 48h,"Un comptable dÃ©diÃ© qui connaÃ®t votre dossier et rÃ©pond Ã  vos questions (tÃ©lÃ©phone, mail, visio) rapidement.",
expert-comptable-plombier,"Expert-Comptable Plombier : Bilan, TVA & Optimisation | Keobiz",Gagnez 10h par mois,"Plus de saisie manuelle. Envoyez vos photos de factures via notre appli, nous faisons le reste. Retrouvez vos week-ends.",,Ãconomisez jusqu'Ã  3000â¬/an,"GrÃ¢ce Ã  une optimisation fiscale pointue (charges dÃ©ductibles, choix du statut), nous maximisons vos revenus.",,"ZÃ©ro jargon, 100% clair","Nous parlons le mÃªme langage : chantiers, devis, dÃ©cennale. Pas de termes comptables obscurs.",
expert-comptable-sage-femme-liberale,Expert-Comptable Sage-Femme Libérale : Gestion & Optimisation | Keobiz,Gain de Temps PrÃ©cieux,"RÃ©cupÃ©rez vos soirÃ©es et vos weekends pour vous dÃ©tendre ou vous former, plutÃ´t que de faire de la compta.",,SÃ©rÃ©nitÃ© Administrative,"Dormez sur vos deux oreilles : nous garantissons la conformitÃ© de vos comptes face aux organismes (CPAM, URSSAF).",,Ãconomies RÃ©elles,Nos clients Ã©conomisent souvent bien plus en impÃ´ts que le coÃ»t annuel de nos honoraires grÃ¢ce Ã  nos conseils.,
expert-comptable-presse,Expert-Comptable Presse & Journalistes | Audit Gratuit - Keobiz,Gain de temps : +8h / mois,RÃ©cupÃ©rez une journÃ©e de travail complÃ¨te chaque mois en nous dÃ©lÃ©guant l'administratif. Consacrez-vous Ã  vos sujets et Ã  vos clients.,,SÃ©curitÃ© Fiscale Garantie,"Fini le stress des zones grises. Nous maÃ®trisons les spÃ©cificitÃ©s (abattement journalistes, rÃ©gime des auteurs) pour une conformitÃ© Ã  100%.",,Ãconomies OptimisÃ©es,Nos clients rÃ©alisent en moyenne des Ã©conomies significatives grÃ¢ce Ã  une meilleure imputation des charges professionnelles et une optimisation du statut.,
expert-comptable-artiste,Expert Comptable Artiste : Audit Fiscal Gratuit & Gestion Simplifiée,Gain de temps crÃ©atif,Nos clients rÃ©cupÃ¨rent en moyenne 8h par mois sur leur gestion administrative. C'est autant de temps pour vos Åuvres.,,Ãconomies concrÃ¨tes,"En optimisant vos frais rÃ©els (matÃ©riel, dÃ©placements, local), nous rÃ©duisons votre base imposable lÃ©galement.",,SÃ©rÃ©nitÃ© absolue,"Fini la peur des contrÃ´les. Vos comptes sont tenus par des experts inscrits Ã  l'Ordre, garantissant conformitÃ© et sÃ©curitÃ©.",
expert-comptable-traiteur,Expert-Comptable pour Traiteur : Optimisez vos Marges | Keobiz,10h+ Ã©conomisÃ©es par mois,"Fini la saisie manuelle et le tri des factures le dimanche. Transmettez tout par photo, nous nous occupons du reste.",,Optimisation fiscale,"Nous identifions toutes les charges dÃ©ductibles spÃ©cifiques Ã  votre activitÃ© (loyer labo, petits Ã©quipements, frais km) pour rÃ©duire votre impÃ´t.",,TrÃ©sorerie maÃ®trisÃ©e,"Anticipez les variations saisonniÃ¨res de trÃ©sorerie grÃ¢ce Ã  nos prÃ©visionnels, pour passer les pÃ©riodes creuses sans angoisse.",
expert-comptable-graphiste-freelance,Expert-Comptable pour Graphiste Freelance : Devis Gratuit | Keobiz,Gagnez 8h par mois,RÃ©cupÃ©rez l'Ã©quivalent d'une journÃ©e de travail complÃ¨te chaque mois pour accepter un nouveau projet ou souffler.,,SÃ©curitÃ© fiscale garantie,Nous validons vos comptes et nous engageons sur leur conformitÃ©. Fini la peur du contrÃ´le fiscal.,,Image professionnelle,Des documents comptables et juridiques impeccables qui renforcent votre crÃ©dibilitÃ© auprÃ¨s de vos clients et banquiers.,
expert-comptable-bar,Expert Comptable Bar & Café | Spécialiste CHR - Keobiz,Gain de temps rÃ©el,RÃ©cupÃ©rez en moyenne une journÃ©e par semaine pour vous consacrer Ã  l'ambiance de votre bar et Ã  vos clients.,,SÃ©rÃ©nitÃ© absolue,Dormez sur vos deux oreilles : votre comptabilitÃ© est conforme aux normes de l'Ordre et prÃªte en cas de contrÃ´le.,,Ãconomies optimisÃ©es,Nous identifions toutes les dÃ©ductions possibles et optimisons votre rÃ©munÃ©ration de gÃ©rant pour rÃ©duire la pression fiscale.,
expert-comptable-coiffeur,Expert Comptable Coiffeur : Spécialiste Salons & Domicile | Keobiz,TranquillitÃ© d'esprit totale,"Nous nous occupons de tout : bilan, liasse fiscale, dÃ©clarations sociales. Vous Ãªtes en conformitÃ© sans y penser.",,Ãconomies rÃ©elles,"Nos tarifs sont clairs et forfaitaires. De plus, nos conseils d'optimisation rentabilisent souvent le coÃ»t de la prestation.",,Concentration sur l'artistique,Retrouvez le plaisir de votre mÃ©tier. Consacrez votre Ã©nergie Ã  vos clients et au dÃ©veloppement de votre salon.,
expert-comptable-boulangerie,Expert Comptable Boulangerie : Optimisez vos Marges & Gagnez du Temps,Gagnez 10h de production par mois,DÃ©lÃ©guez toute la saisie et l'administratif. Concentrez-vous sur votre fournil et vos clients.,,Ãconomies d'impÃ´ts optimisÃ©es,"Nos experts identifient toutes les aides (CICE, apprentissage) et optimisations fiscales applicables Ã  votre structure.",,TrÃ©sorerie anticipÃ©e,Plus de mauvaises surprises en fin d'annÃ©e. Nous anticipons vos charges pour lisser votre trÃ©sorerie.,
expert-comptable-charpentier,Expert-Comptable Charpentier | Keobiz - Audit & Devis Gratuit,Gain de temps massif,Nos clients artisans Ã©conomisent en moyenne 6 heures par semaine sur leur gestion administrative.,,TrÃ©sorerie optimisÃ©e,"GrÃ¢ce Ã  un suivi prÃ©cis et des conseils d'optimisation, rÃ©cupÃ©rez de la marge nette sur votre activitÃ©.",,SÃ©rÃ©nitÃ© d'esprit,"Un expert-comptable dÃ©diÃ© vÃ©rifie tout. En cas de contrÃ´le, nous sommes en premiÃ¨re ligne.",
expert-comptable-esn,Expert Comptable ESN & Freelance IT - Keobiz | Devis Gratuit,Gain de Temps ConsidÃ©rable,"DÃ©lÃ©guez 100% de la tenue comptable, des dÃ©clarations fiscales et du juridique annuel. Concentrez-vous sur votre code et vos missions.",,SÃ©rÃ©nitÃ© Absolue,Vos comptes sont attestÃ©s par un expert-comptable inscrit Ã  l'Ordre. Fini le stress des relances de l'administration ou des erreurs de TVA.,,Ãconomies RÃ©elles,"Entre l'optimisation de vos charges dÃ©ductibles (matÃ©riel info, formation) et nos tarifs compÃ©titifs, votre comptabilitÃ© devient un investissement rentable.",
expert-comptable-bureau-d'étude,Expert-Comptable Bureau d'Étude : Optimisation & Conformité | Keobiz,Gain de temps technique,DÃ©lestez-vous de 100% de la saisie comptable pour vous consacrer Ã  vos Ã©tudes et conceptions.,,SÃ©rÃ©nitÃ© fiscale totale,"Toutes vos dÃ©clarations (TVA, IS, Liasses) sont certifiÃ©es conformes par un membre de l'Ordre.",,Ãconomies rÃ©elles,Optimisation des charges dÃ©ductibles et des dispositifs fiscaux propres aux mÃ©tiers techniques.,
expert-comptable-sci,"Expert-Comptable SCI : Bilan, Liasse 2072 & Conseils | Keobiz",SÃ©curitÃ© Juridique,"En tant que membre de l'Ordre des Experts-Comptables, notre signature engage notre responsabilitÃ© et vous protÃ¨ge vis-Ã -vis de l'administration.",,Gain de Temps,Fini les week-ends passÃ©s sur Excel. Nous rÃ©cupÃ©rons vos flux bancaires automatiquement et traitons vos justificatifs.,,Ãconomies d'ImpÃ´ts,Nos experts identifient toutes les charges dÃ©ductibles et les options fiscales avantageuses souvent oubliÃ©es par les non-professionnels.,
expert-comptable-agence-immobilière,Expert Comptable Agence Immobilière : Audit Gratuit | Keobiz,Gain de temps commercial,DÃ©lÃ©guez 100% de la tenue comptable et rÃ©cupÃ©rez des heures prÃ©cieuses pour signer plus de mandats.,,Optimisation fiscale,RÃ©duisez votre impÃ´t lÃ©galement grÃ¢ce Ã  un audit prÃ©cis de vos charges dÃ©ductibles et de votre statut.,,SÃ©rÃ©nitÃ© totale,Garantie de conformitÃ© fiscale et assistance incluse en cas de contrÃ´le de l'administration.,
expert-comptable-menuisier,"Expert-comptable Menuisier : Gérez Moins, Gagnez Plus | Keobiz",Un expert qui connaÃ®t le mÃ©tier,"Nous comprenons vos contraintes : stocks de bois, dÃ©lais de chantier, acomptes clients et garanties dÃ©cennales.",,Des Ã©conomies rÃ©elles,"GrÃ¢ce Ã  une optimisation pointue de vos charges et de votre statut (EURL, SASU, EI), vous ne payez que ce que vous devez.",,RÃ©activitÃ© garantie,Une question urgente sur un devis ou une charge ? Votre comptable dÃ©diÃ© vous rÃ©pond sous 24h ouvrÃ©es.,
expert-comptable-formateur,Formation Gestion & Compta par Expert-Comptable Formateur | Keobiz,SÃ©rÃ©nitÃ© Totale,Fini la boule au ventre en ouvrant les courriers administratifs. Vous savez que vos comptes sont carrÃ©s.,,Ãconomies ConcrÃ¨tes,"En Ã©vitant les pÃ©nalitÃ©s de retard et en dÃ©duisant correctement vos frais, la formation se rembourse souvent dÃ¨s le premier mois.",,CrÃ©dibilitÃ© Bancaire,Un entrepreneur qui maÃ®trise ses chiffres inspire confiance. Obtenez plus facilement vos financements.,
expert-comptable-services-aux-entreprises,Expert Comptable Services aux Entreprises : Devis Gratuit | Keobiz,Gagnez jusqu'Ã  10h par mois,"DÃ©lÃ©guez toute la gestion administrative et comptable. Fini la saisie manuelle, concentrez-vous uniquement sur votre cÅur de mÃ©tier.",,Ãconomisez sur vos charges,"GrÃ¢ce Ã  nos conseils en optimisation fiscale, nos clients Ã©conomisent en moyenne 2 000 â¬ par an sur leurs impÃ´ts et charges sociales.",,"Tarifs transparents, sans surprise",Nos forfaits sont clairs et tout compris. Pas de frais cachÃ©s pour le bilan ou les appels tÃ©lÃ©phoniques avec votre comptable.,
expert-comptable-menuisier,Expert-Comptable Menuisier : Comptabilité & Fiscalité Simplifiées | Keobiz,Gain de temps atelier,"LibÃ©rez environ 6h par semaine de paperasse pour vous concentrer sur la pose, la fabrication ou votre famille.",,Ãconomies d'impÃ´ts,Nos experts optimisent votre rÃ©munÃ©ration et vos charges pour rÃ©duire votre imposition lÃ©galement (-15% en moyenne).,,SÃ©rÃ©nitÃ© absolue,"Dormez tranquille : en cas de contrÃ´le, nous sommes Ã  vos cÃ´tÃ©s. Votre comptabilitÃ© est tenue par des professionnels agrÃ©Ã©s.",
expert-comptable-entreprise-de-nettoyage,Expert Comptable Entreprise de Nettoyage : Devis & Audit Gratuit | Keobiz,Gagnez 10h par mois,DÃ©lÃ©guez la complexitÃ© administrative. Consacrez ce temps retrouvÃ© Ã  trouver de nouveaux contrats et fidÃ©liser vos clients.,,SÃ©rÃ©nitÃ© Totale,"Dormez sur vos deux oreilles. Vos dÃ©clarations sont faites en temps et en heure, et vos paies sont conformes Ã  la convention collective.",,RentabilitÃ© AmÃ©liorÃ©e,"GrÃ¢ce Ã  notre conseil en optimisation des coÃ»ts et charges, nos clients amÃ©liorent leur marge nette dÃ¨s la premiÃ¨re annÃ©e.",
expert-comptable-plomberie,Expert-Comptable Plomberie : Spécialiste Artisans | Keobiz,Gagnez 15h par mois,"Fini les soirÃ©es et les weekends sacrifiÃ©s Ã  trier des factures. Envoyez-nous simplement une photo de vos justificatifs, on s'occupe du reste.",,Optimisez vos revenus,Nos conseils en optimisation fiscale et sociale permettent Ã  nos clients artisans d'Ã©conomiser en moyenne 3 000â¬ par an.,,SÃ©curitÃ© anti-contrÃ´le,"Avec un expert-comptable inscrit Ã  l'Ordre, vos comptes sont attestÃ©s. Cela rÃ©duit drastiquement le risque de contrÃ´le fiscal et rassure vos partenaires bancaires.",
expert-comptable-gestion-de-patrimoine,Expert Comptable Gestion de Patrimoine : Audit Gratuit | Keobiz,Ãconomies Fiscales RÃ©elles,Transformez vos impÃ´ts en patrimoine grÃ¢ce Ã  des stratÃ©gies Ã©prouvÃ©es et validÃ©es par des experts-comptables.,,Garantie de CompÃ©tence,"Contrairement Ã  un simple conseiller, nous sommes une profession rÃ©glementÃ©e soumise Ã  des normes strictes et au secret professionnel.",,Gain de Temps PrÃ©cieux,"Fini les heures passÃ©es Ã  Ã©plucher les forums fiscaux. Nous gÃ©rons la complexitÃ©, vous profitez des rÃ©sultats.",
expert-comptable-services-aux-entreprises,Expert comptable services aux entreprises : Devis gratuit | Keobiz,SÃ©rÃ©nitÃ© totale,Fini le stress des enveloppes marron. Nous garantissons la conformitÃ© de vos comptes vis-Ã -vis de l'administration fiscale.,,Ãconomies concrÃ¨tes,"Nos forfaits sont transparents et souvent plus compÃ©titifs qu'un cabinet traditionnel, sans coÃ»ts cachÃ©s.",,SimplicitÃ© d'usage,"ZÃ©ro papier. Photographiez vos notes de frais, on s'occupe de la saisie. Tout est accessible depuis votre mobile.",
expert-comptable-developpeur-freelance,Expert-Comptable & Développeur Freelance : Compta Automatisée & Sûre,Gain de temps massif,Mes clients Ã©conomisent en moyenne 10 Ã  15 heures d'administration par mois grÃ¢ce aux scripts d'automatisation.,,ZÃ©ro erreur humaine,L'automatisation des flux de donnÃ©es supprime les risques d'erreurs de saisie qui coÃ»tent cher en redressements.,,Un seul interlocuteur,Plus besoin d'expliquer la compta Ã  votre dÃ©veloppeur ou le code Ã  votre comptable. Je parle les deux langues couramment.,
expert-comptable-électricien,Expert comptable électricien : Spécialiste BTP & Artisans | Keobiz,8h par mois Ã©conomisÃ©es,C'est l'Ã©quivalent d'une journÃ©e de chantier supplÃ©mentaire facturÃ©e chaque mois grÃ¢ce Ã  l'automatisation de votre administratif.,,ZÃ©ro pÃ©nalitÃ© de retard,"Nous gÃ©rons le calendrier fiscal. Vos dÃ©clarations sont toujours faites en temps et en heure, sans que vous ayez Ã  y penser.",,VisibilitÃ© financiÃ¨re,Suivez votre trÃ©sorerie et votre rentabilitÃ© en temps rÃ©el. Sachez exactement combien vous pouvez vous verser Ã  la fin du mois.,
expert-comptable-commerce-de-gros,Expert-comptable Commerce de Gros : +10% Rentabilité & -20h Admin | Keobiz,Gain de temps immÃ©diat,Nos clients grossistes Ã©conomisent en moyenne 18h par mois sur l'administratif dÃ¨s le premier trimestre.,,RentabilitÃ© optimisÃ©e,"GrÃ¢ce Ã  une analyse fine des marges et charges, nous identifions des Ã©conomies gÃ©nÃ©rant souvent +10% de rentabilitÃ©.",,SÃ©rÃ©nitÃ© fiscale,"ZÃ©ro pÃ©nalitÃ© de retard, zÃ©ro erreur de dÃ©claration. Votre comptabilitÃ© est blindÃ©e contre les contrÃ´les.",
expert-comptable-enseignement,Expert-Comptable Enseignement & Formation : Sérénité Fiscale | Keobiz,Gagnez 10h par mois,"LibÃ©rez-vous des tÃ¢ches administratives chronophages. Consacrez ce temps retrouvÃ© Ã  vos Ã©lÃ¨ves, Ã  la crÃ©ation de contenus pÃ©dagogiques ou simplement Ã  votre famille.",,SÃ©rÃ©nitÃ© absolue,Dormez sur vos deux oreilles. Notre garantie audit-protection signifie que nous gÃ©rons les Ã©changes avec l'administration fiscale en cas de contrÃ´le.,,Optimisation de revenus,Ne laissez plus d'argent sur la table. Nous identifions toutes les dÃ©ductions lÃ©gales spÃ©cifiques aux mÃ©tiers de l'enseignement pour maximiser votre net.,
expert-comptable-courtier-en-assurance,Expert Comptable & Courtier en Assurance : Audit Gratuit | Keobiz,Ãconomies Garanties,"En supprimant les doublons et en optimisant la fiscalitÃ© de vos contrats, nos clients Ã©conomisent en moyenne 15% sur leurs charges globales.",,ZÃ©ro Charge Mentale,Plus besoin de faire le pont entre votre assureur et votre comptable. Nous gÃ©rons l'ensemble de la chaÃ®ne pour vous.,,Protection Sur-Mesure,Votre couverture Ã©volue automatiquement avec votre chiffre d'affaires et votre situation comptable rÃ©elle.,
expert-comptable-dropshipping,Expert Comptable Dropshipping : Conformité TVA & Optimisation - Keobiz,ConformitÃ© BlindÃ©e,Plus de stress liÃ© aux dÃ©clarations internationales. Nous gÃ©rons la complexitÃ© rÃ©glementaire pour vous.,,Gain de Temps ImmÃ©diat,DÃ©lÃ©guez 100% de la tenue comptable et concentrez-vous sur votre marketing et vos produits.,,Optimisation du Cashflow,"Anticipez vos sorties de trÃ©sorerie (TVA, IS) pour ne jamais Ãªtre pris au dÃ©pourvu.",
expert-comptable-automobile,Expert Comptable Automobile : Spécialiste Garage & Vente | Keobiz,Ãconomies d'impÃ´ts immÃ©diates,"En moyenne, nos nouveaux clients Ã©conomisent 15% sur leur fiscalitÃ© grÃ¢ce Ã  nos conseils spÃ©cialisÃ©s dÃ¨s la premiÃ¨re annÃ©e.",,10h de gagnÃ©es par mois,"Fini la saisie manuelle. Prenez vos factures en photo, notre appli fait le reste. Rentrez chez vous plus tÃ´t.",,SÃ©rÃ©nitÃ© absolue en cas de contrÃ´le,"Vos comptes sont tenus par des experts certifiÃ©s. En cas de contrÃ´le, nous sommes en premiÃ¨re ligne pour vous dÃ©fendre.",
expert-comptable-agent-commercial-:-optimisez-votre-fiscalité,Expert Comptable Agent Commercial : Optimisez votre Fiscalité | Keobiz,Jusqu'Ã  3 000â¬ d'Ã©conomies/an,"GrÃ¢ce Ã  l'optimisation fine de vos frais et au choix du meilleur rÃ©gime fiscal, nos clients agents commerciaux rÃ©cupÃ¨rent en moyenne un mois de revenus nets par an.",,10h de gagnÃ©es par mois,"Plus de saisie manuelle. Transmettez vos factures via notre app, synchronisez votre banque, et nous faisons le reste. Concentrez-vous sur vos mandats.",,"ZÃ©ro risque, 100% SÃ©rÃ©nitÃ©",Toutes vos dÃ©clarations sont visÃ©es par un expert-comptable inscrit Ã  l'Ordre. Notre assurance responsabilitÃ© civile couvre nos conseils.,
expert-comptable-holding,Expert-Comptable Holding : Audit Gratuit & Optimisation Fiscale | Keobiz,Ãconomies d'impÃ´ts maximisÃ©es,"GrÃ¢ce Ã  la maÃ®trise parfaite des rÃ©gimes mÃ¨re-fille et de l'intÃ©gration fiscale, nous rÃ©duisons votre imposition globale.",,SÃ©curitÃ© juridique totale,"Nos experts veillent Ã  la conformitÃ© de chaque opÃ©ration. En cas de contrÃ´le, nous sommes Ã  vos cÃ´tÃ©s.",,Vision temps rÃ©el,"AccÃ©dez Ã  vos chiffres clÃ©s et documents via notre application. Votre patrimoine est sous contrÃ´le, 24/7.",
expert-comptable-consultant,Expert Comptable Consultant : Optimisation & Gestion pour Indépendants | Keobiz,Maximisez vos revenus nets,"GrÃ¢ce Ã  nos conseils en optimisation (rÃ©munÃ©ration, dividendes, frais), nos clients Ã©conomisent en moyenne plusieurs milliers d'euros par an.",,Gagnez 10h par mois,DÃ©lÃ©guez la complexitÃ© administrative. RÃ©cupÃ©rez du temps pour dÃ©velopper votre business ou profiter de vos proches.,,SÃ©rÃ©nitÃ© absolue,Dormez sur vos deux oreilles : votre expert-comptable consultant engage sa responsabilitÃ© professionnelle sur vos dÃ©clarations.,
expert-comptable-serrurier,Expert Comptable Serrurier : Devis & Diagnostic Gratuit | Keobiz,Gain de temps terrain,"Moins de temps au bureau, c'est plus de temps pour accepter des interventions ou profiter de votre famille.",,Ãconomies rÃ©elles,Nos conseils d'optimisation couvrent souvent largement le coÃ»t de nos honoraires mensuels.,,ConformitÃ© totale,Vos devis et factures respectent scrupuleusement la lÃ©gislation complexe du dÃ©pannage Ã  domicile.,
expert-comptable-epicerie,Expert-Comptable Épicerie : Comptabilité & TVA Simplifiées | Keobiz,Ãconomies d'impÃ´ts optimisÃ©es,Nous identifions toutes les charges dÃ©ductibles spÃ©cifiques Ã  votre activitÃ© pour rÃ©duire lÃ©galement votre impÃ´t.,,SÃ©rÃ©nitÃ© totale,"Nous prenons la responsabilitÃ© de vos dÃ©clarations. En cas de contrÃ´le, nous sommes en premiÃ¨re ligne.",,Tarif forfaitaire transparent,"Aucune surprise : un forfait mensuel clair qui inclut bilan, liasse fiscale et conseil. Pas de facturation Ã  l'heure.",
expert-comptable-commerce,Expert Comptable Commerce : Compta Simplifiée & Audit Gratuit | Keobiz,"ZÃ©ro Papier, ZÃ©ro Stress","Photographiez vos factures fournisseurs avec l'appli, nous nous occupons du classement et de la saisie comptable.",,Tarifs Forfaitaires Transparents,"Aucune mauvaise surprise. Un forfait mensuel fixe qui inclut le bilan, les dÃ©clarations et le conseil.",,ConformitÃ© Garantie,Nous engageons notre responsabilitÃ© pÃ©nale sur la tenue de vos comptes. Votre commerce est 100% aux normes.,
expert-comptable-boucherie-charcuterie,Expert-Comptable Boucherie Charcuterie - Optimisez vos Marges | Keobiz,Plus de Cash en fin de mois,"GrÃ¢ce Ã  l'optimisation des achats et la surveillance des coÃ»ts cachÃ©s, nos clients bouchers augmentent leur marge nette moyenne.",,SÃ©rÃ©nitÃ© totale face aux contrÃ´les,"Vos comptes sont visÃ©s par un Expert-Comptable inscrit Ã  l'Ordre. En cas de contrÃ´le, nous sommes en premiÃ¨re ligne pour vous dÃ©fendre.",,Du temps pour votre mÃ©tier,"DÃ©lÃ©guez 100% de l'administratif. Consacrez votre Ã©nergie Ã  sÃ©lectionner vos bÃªtes, former vos apprentis et servir vos clients.",
expert-comptable-medecin-liberal,Expert-Comptable Médecin Libéral : Optimisation Fiscale & Sérénité | Keobiz,Optimisation Fiscale ConcrÃ¨te,Nos experts traquent chaque opportunitÃ© de dÃ©duction et le meilleur rÃ©gime pour maximiser votre revenu net disponible.,,"ZÃ©ro Papier, ZÃ©ro Stress","GrÃ¢ce Ã  nos outils digitaux et votre comptable dÃ©diÃ©, transmettez vos documents en une photo. Nous faisons le reste.",,Protection Juridique,Ne craignez plus les courriers de l'administration. Notre garantie 'DÃ©fense en cas de contrÃ´le' assure votre tranquillitÃ©.,
expert-comptable-pour-freelance,Expert Comptable pour Freelance : Devis & Diagnostic Gratuit | Keobiz,Gagnez jusqu'Ã  10h par mois,Fini les soirÃ©es passÃ©es sur Excel. Nous automatisons la saisie pour que vous puissiez vous reposer ou facturer davantage.,,Dormez sur vos deux oreilles,"En tant qu'expert-comptable inscrit Ã  l'Ordre, nous engageons notre responsabilitÃ© sur vos comptes. Vous Ãªtes protÃ©gÃ©.",,Maximisez votre rentabilitÃ©,Nos conseils en optimisation couvrent souvent largement le coÃ»t de nos honoraires grÃ¢ce aux Ã©conomies d'impÃ´ts rÃ©alisÃ©es.,
expert-comptable-fleuriste,Expert Comptable Fleuriste : Gestion & Fiscalité sur-mesure | Keobiz,Gain de temps prÃ©cieux,RÃ©cupÃ©rez jusqu'Ã  10h par mois sur votre administratif pour vous consacrer Ã  vos compositions et vos clients.,,SÃ©rÃ©nitÃ© totale,Fini le stress des dÃ©clarations TVA en retard ou des erreurs de caisse. Nous sÃ©curisons vos obligations lÃ©gales.,,RentabilitÃ© amÃ©liorÃ©e,"GrÃ¢ce Ã  notre audit initial et au suivi des marges, nos clients identifient rapidement des sources d'Ã©conomies.",
expert-comptable-psychologue,Expert-comptable psychologue : Sérénité financière & Coaching | Keobiz,SÃ©rÃ©nitÃ© retrouvÃ©e,RÃ©duisez votre charge mentale de moitiÃ© dÃ¨s le premier mois en dÃ©lÃ©guant la complexitÃ© et le stress.,,ClartÃ© dÃ©cisionnelle,"Ne naviguez plus Ã  vue. Sachez exactement quand investir, embaucher ou Ã©pargner.",,SÃ©curitÃ© fiscale,Blindez votre activitÃ© contre les redressements grÃ¢ce Ã  la rigueur d'un expert-comptable inscrit Ã  l'Ordre.,
expert-comptable-transport-de-marchandises,Expert-Comptable Transport de Marchandises : Audit Gratuit | Keobiz,Plus de temps au volant,DÃ©lÃ©guez 100% de l'administratif pour vous concentrer sur ce qui rapporte : vos courses et vos clients.,,Ãconomies d'impÃ´ts garanties,Nos experts traquent chaque dÃ©duction possible spÃ©cifique au transport de marchandises.,,Un expert dÃ©diÃ© qui vous connaÃ®t,Fini les centres d'appels anonymes. Vous avez un comptable attitrÃ© qui comprend votre jargon et vos contraintes.,
expert-comptable-librairie,Expert Comptable Librairie | Audit Gratuit & Gestion Spécialisée - Keobiz,Gagnez 20h par mois,"Fini la saisie manuelle. Consacrez ce temps prÃ©cieux Ã  lire, conseiller vos clients et organiser des Ã©vÃ©nements.",,SÃ©rÃ©nitÃ© Fiscale Absolue,"Nos experts vÃ©rifient chaque ligne. Dormez sur vos deux oreilles, votre librairie est en conformitÃ© avec l'administration.",,Un Expert DÃ©diÃ©,"Un collaborateur qui connaÃ®t votre nom et votre mÃ©tier, disponible pour rÃ©pondre Ã  toutes vos questions sous 24h.",
expert-comptable-poissonnerie,Expert Comptable Poissonnerie : Optimisez Marges & Trésorerie | Keobiz,SÃ©rÃ©nitÃ© Fiscale Totale,"Plus jamais de stress face aux courriers de l'administration. Vos comptes sont certifiÃ©s, vos dÃ©clarations sont Ã  jour et conformes.",,Meilleure RentabilitÃ©,"GrÃ¢ce au suivi prÃ©cis des marges et du gaspillage, nos clients poissonniers rÃ©cupÃ¨rent en moyenne 2 Ã  5 points de marge dÃ¨s la premiÃ¨re annÃ©e.",,Temps RetrouvÃ©,Fini les soirÃ©es et les dimanches passÃ©s Ã  trier les reÃ§us. Consacrez votre Ã©nergie Ã  la sÃ©lection de vos produits et Ã  vos clients.,
expert-comptable-salon-de-coiffure,Expert Comptable Salon de Coiffure : Audit Fiscal Gratuit | Keobiz,Gain de temps prÃ©cieux,"RÃ©cupÃ©rez jusqu'Ã  10h par mois de gestion administrative pour coiffer, former votre Ã©quipe ou simplement souffler.",,Ãconomies concrÃ¨tes,Nos clients rÃ©alisent des Ã©conomies significatives grÃ¢ce Ã  une optimisation fine des charges et une tarification transparente.,,SÃ©rÃ©nitÃ© absolue,"Avec notre garantie conformitÃ©, dormez sur vos deux oreilles. Nous engageons notre responsabilitÃ© sur vos dÃ©clarations.",
expert-comptable-profession-liberale,Expert Comptable Profession Libérale : Gestion & Optimisation | Keobiz,Gain de temps considÃ©rable,Nos clients Ã©conomisent en moyenne 10h par mois sur leur gestion administrative grÃ¢ce Ã  notre application et nos processus automatisÃ©s.,,Ãconomies rÃ©elles,"Entre l'optimisation fiscale et nos tarifs transparents (souvent 30% moins chers qu'un cabinet classique), votre investissement est vite rentabilisÃ©.",,VisibilitÃ© financiÃ¨re,"AccÃ©dez Ã  un tableau de bord clair pour suivre votre trÃ©sorerie, votre chiffre d'affaires et estimer vos charges en temps rÃ©el.",
expert-comptable-courtier,Expert Comptable Courtier : Optimisez Compta et Financement | Keobiz,CrÃ©dibilitÃ© Bancaire Maximale,Un dossier de financement prÃ©sentÃ© par votre expert-comptable a statistiquement beaucoup plus de chances d'Ãªtre acceptÃ© qu'une demande isolÃ©e.,,Ãconomies ConcrÃ¨tes,"Optimisation fiscale d'un cÃ´tÃ©, taux d'intÃ©rÃªt rÃ©duits de l'autre. Nous travaillons sur les deux leviers pour augmenter votre rentabilitÃ© nette.",,RÃ©activitÃ© ImmÃ©diate,"Besoin d'un prÃ©visionnel pour un prÃªt ? Comme nous gÃ©rons dÃ©jÃ  votre compta, nous le sortons en temps record sans allers-retours inutiles.",
expert-comptable-lmnp,Expert Comptable LMNP : Audit Gratuit & Optimisation Fiscale | Keobiz,Ãconomisez des milliers d'euros,90% de nos clients LMNP ne paient aucun impÃ´t sur leurs loyers pendant plusieurs annÃ©es grÃ¢ce au rÃ©gime rÃ©el.,,Gagnez un temps prÃ©cieux,Fini les soirÃ©es passÃ©es sur Excel. Consacrez votre temps Ã  chercher votre prochain bien ou Ã  profiter de vos revenus.,,Dormez sur vos deux oreilles,"Votre comptabilitÃ© est visÃ©e par un Expert-Comptable inscrit Ã  l'Ordre. En cas de contrÃ´le, nous sommes en premiÃ¨re ligne.",
expert-comptable-immobilier,Expert Comptable Immobilier LMNP & SCI - Audit Gratuit | Keobiz,Ãconomies concrÃ¨tes,Nos clients Ã©conomisent en moyenne entre 3 000â¬ et 8 000â¬ d'impÃ´ts par an grÃ¢ce au passage au rÃ©gime rÃ©el simplifiÃ©.,,Gain de temps prÃ©cieux,RÃ©cupÃ©rez plus de 10 heures par mois. Fini les soirÃ©es passÃ©es sur Excel ou Ã  dÃ©chiffrer le code gÃ©nÃ©ral des impÃ´ts.,,SÃ©curitÃ© & ConformitÃ©,"En tant qu'Experts-Comptables inscrits Ã  l'Ordre, nous engageons notre responsabilitÃ© sur vos dÃ©clarations.",
expert-comptable-hotellerie,Expert-Comptable Hôtellerie : Audit & Gestion Optimisée | Keobiz,Gain de temps administratif,Ãconomisez environ 2 jours par mois de gestion administrative pour vous recentrer sur l'expÃ©rience client et le remplissage.,,TrÃ©sorerie SÃ©curisÃ©e,Anticipez les creux de trÃ©sorerie grÃ¢ce Ã  nos prÃ©visionnels dÃ©diÃ©s Ã  l'activitÃ© saisonniÃ¨re.,,Ãconomies Fiscales,Nos audits dÃ©tectent en moyenne 1500â¬ Ã  3000â¬ d'optimisations fiscales non exploitÃ©es dÃ¨s la premiÃ¨re annÃ©e.,
expert-comptable-infirmiere-liberale,Expert Comptable Infirmière Libérale : Bilan Gratuit - Keobiz,TranquillitÃ© d'esprit totale,"ConformitÃ© fiscale garantie. En cas d'erreur de notre part, nous prenons en charge les pÃ©nalitÃ©s.",,15 Ã  20h de temps retrouvÃ©,"Consacrez ce temps Ã  vos patients, Ã  votre famille ou Ã  vous-mÃªme, plus jamais Ã  l'URSSAF.",,Jusqu'Ã  5 000â¬ d'Ã©conomies/an,GrÃ¢ce Ã  l'optimisation de vos charges et au choix du meilleur rÃ©gime fiscal (Micro-BNC vs DÃ©claration contrÃ´lÃ©e).,
expert-comptable-vtc,Expert Comptable VTC : Gestion Fiscale Simplifiée & Optimisée | Keobiz,Plus de temps de conduite,DÃ©lÃ©guez la contrainte administrative et rÃ©alisez plus de courses chaque semaine.,,SÃ©rÃ©nitÃ© totale,Dormez tranquille : vos comptes sont validÃ©s par un expert-comptable agrÃ©Ã©.,,TrÃ©sorerie maÃ®trisÃ©e,Suivez vos entrÃ©es et sorties en temps rÃ©el pour anticiper vos charges.,
expert-comptable-consultant-freelance,Expert Comptable Consultant Freelance : Audit Offert | Keobiz,Gagnez 10h par mois,RÃ©cupÃ©rez le temps perdu sur l'administratif pour le consacrer Ã  vos clients ou Ã  votre vie personnelle.,,Ãconomisez sur vos impÃ´ts,Nos clients Ã©conomisent en moyenne 2500â¬ par an grÃ¢ce Ã  une optimisation fiscale rigoureuse.,,SÃ©rÃ©nitÃ© Totale,"Fini les nuits blanches. Votre comptabilitÃ© est certifiÃ©e, conforme et sÃ©curisÃ©e par un professionnel agrÃ©Ã©.",
expert-comptable-hotellerie-et-restauration,Expert-Comptable Hôtellerie & Restauration : Diagnostic Gratuit | Keobiz,Ãconomisez jusqu'Ã  15% par an,GrÃ¢ce Ã  l'optimisation fiscale et sociale et Ã  la dÃ©tection des coÃ»ts cachÃ©s.,,RÃ©ponse sous 24h garantie,Un interlocuteur dÃ©diÃ© qui connaÃ®t votre dossier et rÃ©pond rapidement Ã  vos urgences.,,SÃ©rÃ©nitÃ© Juridique Totale,Vos dÃ©clarations sont validÃ©es par des experts-comptables inscrits Ã  l'Ordre.,
expert-comptable-kinesitherapeute-liberal,Expert-Comptable Kinésithérapeute Libéral | Keobiz Spécialiste Santé,Jusqu'Ã  15h par mois libÃ©rÃ©es,"Fini les dimanches dans la paperasse. RÃ©cupÃ©rez du temps pour vous former, dÃ©velopper votre patientÃ¨le ou profiter de votre famille.",,Optimisation de vos revenus nets,"GrÃ¢ce Ã  une dÃ©duction rigoureuse de vos charges rÃ©elles et des conseils pro-actifs, nous rÃ©duisons votre base imposable lÃ©galement.",,SÃ©rÃ©nitÃ© totale face Ã  l'administration,Plus de stress Ã  l'ouverture des courriers de l'URSSAF ou de la CARPIMKO. Nous gÃ©rons les interfaces et sÃ©curisons vos dÃ©clarations.,
expert-comptable-profession-libérale,Expert Comptable Profession Libérale - Keobiz : Fiscalité Optimisée,Gagnez du temps mÃ©dical ou facturable,"En nous dÃ©lÃ©guant l'administratif, vous rÃ©cupÃ©rez en moyenne 10h par mois pour vos patients ou vos clients.",,SÃ©rÃ©nitÃ© et ConformitÃ©,"Toutes vos obligations lÃ©gales (dÃ©clarations 2035, sociales, juridiques) sont gÃ©rÃ©es dans les temps. Fini le stress des dates limites.",,Forfait clair sans surprise,Nos honoraires sont fixÃ©s Ã  l'avance dans un forfait mensuel. Aucune facture cachÃ©e pour le bilan ou les conseils courants.,
expert-comptable-dentiste-liberal,Expert Comptable Dentiste Libéral : Optimisation & Audit Gratuit - Keobiz,Gain de temps mÃ©dical,"Nos clients rÃ©cupÃ¨rent en moyenne 4h par semaine de gestion administrative, soit l'Ã©quivalent d'une demi-journÃ©e de consultations supplÃ©mentaires.",,Ãconomies rÃ©elles,"GrÃ¢ce Ã  notre audit initial et nos conseils d'optimisation, nous identifions souvent plusieurs milliers d'euros d'Ã©conomies dÃ¨s la premiÃ¨re annÃ©e.",,SÃ©rÃ©nitÃ© absolue,"En cas de contrÃ´le, nous sommes en premiÃ¨re ligne. Notre assurance et notre expertise vous protÃ¨gent contre les erreurs de gestion.",
expert-comptable-photographe-freelance,Expert-Comptable pour Photographe Freelance : Devis Gratuit | Keobiz,Gagnez ~15h par mois,"RÃ©cupÃ©rez le temps passÃ© sur la paperasse pour faire ce qui rapporte vraiment : shooter, retoucher et dÃ©marcher.",,Ãconomies d'impÃ´ts,"GrÃ¢ce Ã  une optimisation pointue de vos charges et du choix de votre statut juridique, ne payez que ce que vous devez rÃ©ellement.",,SÃ©rÃ©nitÃ© totale,"Fini la boule au ventre Ã  l'approche des Ã©chÃ©ances. Nous anticipons pour vous. En cas de contrÃ´le, nous sommes Ã  vos cÃ´tÃ©s.",
expert-comptable-osteopathe-liberal,Expert Comptable Ostéopathe Libéral - Keobiz : Devis & Audit Gratuit,Gain de temps mÃ©dical,RÃ©cupÃ©rez en moyenne 5 heures par semaine pour vos consultations ou votre vie privÃ©e.,,Ãconomies concrÃ¨tes,Nos clients ostÃ©opathes Ã©conomisent souvent plus en impÃ´ts que le coÃ»t de nos honoraires.,,ZÃ©ro Papier,Synchronisation bancaire et scan de factures via mobile. Votre comptabilitÃ© est Ã  jour en temps rÃ©el.,
expert-comptable-service-à-la-personne,Expert-Comptable Service à la Personne : Conformité & Optimisation - Keobiz,Gain de temps immÃ©diat,Ãconomisez en moyenne 8h par mois sur votre gestion administrative.,,Ãconomies rÃ©elles,Nos clients rÃ©cupÃ¨rent souvent plus que le coÃ»t de nos honoraires grÃ¢ce aux optimisations.,,ZÃ©ro papier,"Scannez vos justificatifs avec votre mobile, nous nous occupons du reste.",
expert-comptable-garage-automobile,Expert Comptable Garage Automobile : Audit Gratuit & Économies | Keobiz,Gagnez 10h/mois,DÃ©lÃ©guez 100% de la saisie et des dÃ©clarations. Retrouvez du temps pour vos clients ou votre famille.,,ZÃ©ro PÃ©nalitÃ©,Nous garantissons la conformitÃ© de vos comptes vis-Ã -vis de l'administration fiscale.,,Ãconomies RÃ©elles,Nos clients garages Ã©conomisent en moyenne 3 500â¬/an grÃ¢ce Ã  nos conseils d'optimisation.,
expert-comptable-estheticienne,Expert-Comptable Esthéticienne : Spécialiste Instituts & Salons,LibertÃ© retrouvÃ©e,DÃ©lÃ©guez la contrainte administrative pour vous consacrer Ã  ce qui rapporte vraiment : vos soins et vos clientes.,,SÃ©curitÃ© garantie,"Avec un cabinet inscrit Ã  l'Ordre, vos comptes sont certifiÃ©s conformes. Dormez sur vos deux oreilles.",,Conseil dÃ©diÃ©,"Un collaborateur dÃ©diÃ© qui connaÃ®t votre dossier et rÃ©pond Ã  vos questions (achat de machine, embauche, etc.) sous 24h.",
