post_slug,post_title,faq_0_question,faq_0_answer,faq_1_question,faq_1_answer,faq_2_question,faq_2_answer,faq_3_question,faq_3_answer,faq_4_question,faq_4_answer
expert-comptable-btp,Expert Comptable BTP : Audit Gratuit & Optimisation | Keobiz,"Connaissez-vous vraiment les spécificités du BTP (TVA, CIBTP) ?","Oui, absolument. Nous avons une équipe dédiée au bâtiment qui maîtrise parfaitement les taux de TVA réduits, l'auto-liquidation en cas de sous-traitance, ainsi que les spécificités sociales (Caisse des Congés Payés, intempéries, déplacements).","Je suis en retard dans ma compta, pouvez-vous m'aider ?","Pas de panique. C'est notre métier de remettre les choses d'équerre. Nous reprenons votre dossier, rattrapons le retard et vous mettons en conformité rapidement pour éviter les problèmes.",Est-ce compliqué de changer d'expert-comptable ?,"Non, c'est très simple. Nous rédigeons la lettre de résiliation pour votre ancien expert et nous nous occupons de récupérer tout l'historique de votre dossier (FEC, bilans). Vous n'avez rien à faire.",Combien coûte votre accompagnement ?,"Nos tarifs sont adaptés à la taille de votre structure (artisan seul ou PME). Nous proposons des forfaits clairs, sans surprise. Demandez votre devis gratuit pour avoir une estimation précise.",L'audit gratuit m'engage-t-il à quelque chose ?,"Absolument pas. L'audit gratuit de 30 minutes sert à faire le point sur votre situation, identifier des pistes d'économies et voir si nous pouvons vous aider. Vous êtes libre de ne pas donner suite."
expert-comptable-industrie,Expert Comptable Industrie : Optimisez Coûts & Trésorerie | Keobiz,"Comprenez-vous vraiment les spécificités de mon métier (stocks, en-cours) ?","Absolument. Nous avons une équipe dédiée aux métiers de la production. Nous savons gérer la valorisation des stocks, les en-cours de production et les amortissements industriels spécifiques.",Combien coûte votre accompagnement ?,"Nos forfaits sont transparents et adaptés à votre volume d'activité. Contrairement aux cabinets classiques, tout est inclus (bilan, liasse, conseil). Le diagnostic initial nous permet de vous proposer un devis sur-mesure au prix juste.",Est-ce compliqué de changer de cabinet pour venir chez vous ?,"Non, c'est transparent pour vous. Nous prenons en charge toutes les démarches administratives de transfert et récupérons l'historique auprès de votre ancien comptable. Zéro coupure de service.",Le diagnostic gratuit m'engage-t-il à quelque chose ?,"Aucunement. C'est un audit de 20 minutes pour analyser votre situation, identifier des pistes d'optimisation et voir si nous sommes faits pour travailler ensemble.",,
expert-comptable-informatique,Expert Comptable Informatique : Automatisation & Conseil | Keobiz,Mes données bancaires sont-elles vraiment en sécurité ?,Absolument. Nous utilisons des protocoles de chiffrement de niveau bancaire et des agrégateurs agréés par la Banque de France (DSP2). Vos identifiants ne sont jamais stockés en clair.,Est-ce compatible avec mon logiciel de facturation actuel ?,"Oui, nous nous connectons à la majorité des outils du marché (Tiime, Pennylane, QuickBooks, Henrri, etc.). Lors de l'audit gratuit, nous vérifions la compatibilité de votre stack technique.",Comment se passe le changement d'expert-comptable ?,C'est très simple. Nous rédigeons la lettre de résiliation pour votre ancien cabinet et nous chargeons de récupérer l'historique comptable (FEC). Vous n'avez rien à faire.,Combien cela coûte-t-il réellement ?,"Nos tarifs sont transparents et sous forme d'abonnement mensuel, incluant le logiciel et le conseil. Pas de frais cachés pour le bilan. Réservez un audit pour obtenir un devis précis adapté à votre volume.",,
expert-comptable-e-commerce,"Expert-Comptable E-commerce : Spécialiste Shopify, Amazon & Dropshipping | Keobiz","Vos outils sont-ils compatibles avec mon CMS (Shopify, Woocommerce, Prestashop) ?","Oui, nous utilisons des agrégateurs et des API qui se connectent à la majorité des plateformes e-commerce (Shopify, Woocommerce, Magento, Prestashop) ainsi qu'aux marketplaces (Amazon, Cdiscount, Rakuten) et processeurs de paiement (Stripe, Paypal, Mollie).",Gérez-vous la TVA pour les ventes hors de France (OSS/IOSS) ?,"Absolument. C'est le cœur de notre expertise e-commerce. Nous prenons en charge l'inscription et les déclarations au Guichet Unique (OSS/IOSS) pour vos ventes dans l'UE, et nous vous conseillons pour les ventes grand export.","Je suis déjà chez un comptable, comment se passe la transition ?",C'est très simple. Nous nous occupons de récupérer votre historique comptable et de contacter votre ancien expert-comptable (lettre de reprise). La transition est transparente pour vous et n'interrompt pas votre activité.,Combien coûte l'accompagnement e-commerce ?,"Nos tarifs sont adaptés à votre volume de transactions et votre chiffre d'affaires. Nous proposons des forfaits mensuels fixes, sans coûts cachés. L'audit initial de 30 minutes est 100% gratuit pour évaluer vos besoins.",Suis-je engagé sur la durée ?,"Nous croyons en la qualité de notre service pour vous retenir. Nos lettres de mission respectent les standards de l'Ordre, avec des préavis classiques, mais nous proposons une garantie 'Satisfait ou Remboursé' sur le premier mois d'honoraires."
expert-comptable-artisan,Expert-Comptable Artisan : Compta Simplifiée & Optimisée | Keobiz,Combien coûte un expert-comptable pour un artisan ?,"Nos tarifs sont transparents et adaptés à votre volume d'activité. Nous proposons des forfaits mensuels fixes incluant le bilan, les déclarations et le conseil, sans coûts cachés. Demandez un devis gratuit pour obtenir un prix précis.","Je suis déjà chez un comptable, comment changer pour Keobiz ?",C'est très simple : nous nous occupons de tout. Nous contactons votre ancien cabinet pour récupérer votre dossier et l'historique comptable (fichiers FEC). Vous n'avez aucune démarche administrative lourde à faire.,Est-ce que je garde le contrôle sur ma comptabilité ?,"Absolument. Vous avez accès 24/7 à vos chiffres via notre application. Nous nous occupons de la saisie et des déclarations, mais vous gardez une visibilité totale sur votre trésorerie et vos documents.","Gérez-vous les spécificités du bâtiment (TVA, décennale) ?","Oui, nos équipes sont formées aux spécificités des métiers du bâtiment et de l'artisanat. Nous maîtrisons les taux de TVA réduits (5,5%, 10%), l'autoliquidation en sous-traitance et les amortissements spécifiques à votre matériel.",Proposez-vous un audit gratuit de ma situation ?,"Oui ! Pour toute nouvelle demande, nous proposons un premier rendez-vous de diagnostic gratuit. Cela nous permet d'analyser vos besoins et de vous proposer les premières pistes d'optimisation."
expert-comptable-plombier,"Expert-Comptable Plombier : Bilan, TVA & Optimisation | Keobiz",Est-ce compliqué de changer d'expert-comptable pour venir chez vous ?,"Non, c'est très simple. Nous nous occupons de récupérer votre dossier auprès de votre ancien comptable. Vous n'avez aucune démarche administrative lourde à faire, nous gérons la transition pour assurer la continuité de votre activité.",Connaissez-vous vraiment les taux de TVA spécifiques à la plomberie ?,"Absolument. Nous maîtrisons parfaitement les conditions d'application des taux réduits (5,5% et 10%) pour les travaux d'amélioration énergétique et d'entretien, ainsi que les attestations nécessaires pour éviter tout redressement.",Combien ça coûte ? Y a-t-il des frais cachés ?,Notre tarification est transparente et forfaitaire. Elle démarre avec un forfait mensuel adapté à votre volume d'activité. Le bilan et la liasse fiscale sont inclus. Pas de facturation à la minute lorsque vous nous appelez.,"Je suis souvent en déplacement, comment vous transmettre mes documents ?","Tout se fait via notre application mobile ou par email. Vous prenez une photo de votre facturette d'essence ou de fournisseur, vous l'envoyez, et c'est comptabilisé. Vous pouvez gérer votre compta depuis votre camion.",Et si j'ai un contrôle fiscal ?,"Nous sommes à vos côtés. En tant qu'expert-comptable inscrit à l'Ordre, nous répondons à l'administration fiscale pour vous et défendons les comptes que nous avons établis."
expert-comptable-sage-femme-liberale,Expert-Comptable Sage-Femme Libérale : Gestion & Optimisation | Keobiz,Frais réels ou Micro-BNC : que choisir pour mon activité ?,"Cela dépend de votre chiffre d'affaires et du montant de vos charges. En général, dès que vos charges dépassent 34% de votre CA, le régime de la déclaration contrôlée (réel) est plus avantageux. Nous réalisons une simulation gratuite pour déterminer la meilleure option pour vous.",Gérez-vous les spécificités de la CARCDSF ?,Absolument. Nous connaissons parfaitement les mécanismes de cotisations de la Caisse Autonome de Retraite des Chirurgiens-Dentistes et des Sages-Femmes et nous vérifions les appels de cotisations pour éviter les erreurs fréquentes.,Est-ce compatible avec mon logiciel de télétransmission ?,"Oui, Keobiz fonctionne indépendamment de votre logiciel métier (type Topaze, Vega, etc.). Nous récupérons les flux via votre banque professionnelle, ce qui rend notre solution compatible avec tous les outils du marché.","Je suis déjà chez un comptable, comment changer ?","C'est très simple. Nous nous occupons de rédiger la lettre de résiliation et de récupérer votre dossier historique. La transition est transparente pour vous, sans interruption de service.",Combien ça coûte ?,"Nous proposons des forfaits mensuels fixes et sans surprise, adaptés au volume d'activité des sages-femmes libérales. Demandez un devis pour obtenir un tarif personnalisé."
expert-comptable-presse,Expert-Comptable Presse & Journalistes | Audit Gratuit - Keobiz,Gérez-vous à la fois mes revenus salariés et mes revenus d'indépendant ?,"Oui, nous avons une vision globale. Bien que nous gérions comptablement votre activité indépendante, nous prenons en compte vos revenus salariés pour optimiser votre fiscalité personnelle globale (IR).","Je suis auteur, connaissez-vous le régime spécifique (Agessa/MDA/Urssaf Limousin) ?",Absolument. C'est notre cœur d'expertise. Nous maîtrisons parfaitement les déclarations spécifiques aux artistes-auteurs et les taux de TVA réduits applicables aux droits d'auteur.,Combien coûte votre accompagnement ?,"Nous fonctionnons au forfait mensuel, sans surprise. Le tarif dépend de votre volume d'activité. L'audit initial est gratuit pour établir un devis précis adapté à votre budget.",Que se passe-t-il en cas de contrôle fiscal ?,"Vous n'êtes jamais seul. Nous préparons les éléments, répondons aux questions de l'administration et défendons votre dossier. Notre assistance est incluse dans votre sérénité.",,
expert-comptable-artiste,Expert Comptable Artiste : Audit Fiscal Gratuit & Gestion Simplifiée,"Je suis micro-entrepreneur artiste, pouvez-vous m'aider ?",Absolument. Nous analysons si le régime micro est toujours pertinent pour vous ou si le passage à la déclaration contrôlée (frais réels) vous ferait économiser de l'argent.,Quels sont vos tarifs pour un artiste ?,"Nous proposons des forfaits adaptés aux revenus variables des artistes, à partir d'un tarif mensuel fixe et transparent. L'audit initial pour définir vos besoins est 100% gratuit.",Comment se passe la transition si j'ai déjà un comptable ?,Nous nous occupons de tout. Nous contactons votre ancien cabinet pour récupérer votre dossier et l'historique comptable. La transition est transparente pour vous.,Connaissez-vous les spécificités de la TVA sur les œuvres d'art ?,"Oui, c'est notre cœur de métier. Nous maîtrisons les taux réduits (5,5%), la TVA sur marge et les règles de facturation intra-communautaire pour vos ventes à l'étranger.",,
expert-comptable-traiteur,Expert-Comptable pour Traiteur : Optimisez vos Marges | Keobiz,Connaissez-vous vraiment les spécificités de la TVA traiteur ?,"Absolument. Nos équipes sont formées aux règles fiscales complexes du secteur (taux réduits, ventilation des recettes, refacturation). Nous vérifions chaque déclaration pour éviter les erreurs coûteuses.",Est-ce compliqué de changer d'expert-comptable pour venir chez vous ?,"Non, c'est très simple. Nous prenons en charge toutes les démarches administratives de transfert auprès de votre ancien comptable. La transition se fait sans coupure de service, en moins de 7 jours.",Proposez-vous un logiciel de facturation inclus ?,"Oui, nous mettons à votre disposition un outil de facturation conforme et simple d'utilisation, qui se déverse automatiquement en comptabilité. Vous pouvez aussi garder votre logiciel actuel si vous préférez.",Comment se passe l'accompagnement en cas de contrôle fiscal ?,"Nous sommes à vos côtés. Notre garantie inclut l'assistance en cas de contrôle : nous préparons les documents, répondons aux questions de l'administration et défendons votre dossier.",Vos tarifs sont-ils fixes ou à l'heure ?,"Nous fonctionnons au forfait mensuel, déterminé à l'avance selon votre volume d'activité. Aucune surprise en fin d'année, tout est transparent."
expert-comptable-graphiste-freelance,Expert-Comptable pour Graphiste Freelance : Devis Gratuit | Keobiz,Connaissez-vous les spécificités MDA / Artistes-Auteurs ?,"Absolument. Nous accompagnons de nombreux créatifs et maîtrisons parfaitement les régimes spécifiques (Micro-BNC, déclaration contrôlée, droits d'auteur, précompte...).",Combien coûte votre accompagnement ?,Nos tarifs sont adaptés aux freelances et débutent avec des forfaits très accessibles. Le prix dépend de votre volume d'activité et de votre régime. Demandez un devis gratuit pour une estimation précise.,Puis-je changer d'expert-comptable en cours d'année ?,"Oui, c'est très simple. Nous prenons en charge la récupération de votre dossier auprès de votre ancien comptable (lettre de reprise). La transition est transparente pour vous.",Est-ce compatible avec mon Mac / mes outils ?,"Oui, notre plateforme est 100% web et accessible depuis n'importe quel navigateur ou smartphone (iOS/Android). Aucun logiciel lourd à installer.","Je suis en retard dans ma compta, pouvez-vous m'aider ?",Pas de panique. Nos équipes ont l'habitude de rattraper les comptabilités en retard. Nous ferons un point initial pour remettre votre dossier à plat rapidement.
expert-comptable-bar,Expert Comptable Bar & Café | Spécialiste CHR - Keobiz,Vos forfaits incluent-ils le bilan de fin d'année ?,"Oui, tous nos forfaits sont 'tout compris'. Ils incluent la tenue comptable, les déclarations de TVA, le bilan, le compte de résultat et la liasse fiscale annuelle. Pas de mauvaise surprise en fin d'exercice.",Est-ce compliqué de changer d'expert-comptable pour venir chez vous ?,C'est très simple. Nous prenons en charge toutes les démarches administratives de transfert. Nous contactons votre ancien comptable pour récupérer l'historique (FEC) sans que vous ayez à intervenir.,Êtes-vous compatible avec ma caisse enregistreuse ?,"Nous sommes compatibles avec la majorité des caisses du marché (L'Addition, Tiller, SumUp, etc.). Nous mettons en place les passerelles pour récupérer automatiquement vos Z de caisse.",Proposez-vous un accompagnement en cas de contrôle fiscal ?,"Absolument. En tant qu'experts-comptables inscrits à l'Ordre, nous vous assistons et vous représentons face à l'administration fiscale. Nos dossiers sont tenus rigoureusement pour justifier chaque écriture.","Je suis un petit bar en micro-entreprise, pouvez-vous m'aider ?","Oui, nous avons une offre 'Starter' adaptée aux micro-entrepreneurs qui souhaitent basculer en réel ou simplement sécuriser leurs seuils de TVA. L'audit gratuit nous permettra de définir le meilleur statut pour vous."
expert-comptable-coiffeur,Expert Comptable Coiffeur : Spécialiste Salons & Domicile | Keobiz,Combien coûtent vos services pour un salon ?,"Nous proposons des forfaits mensuels fixes et transparents, adaptés à la taille de votre salon et votre volume d'activité. Pas de surprise en fin d'année : le bilan est inclus. Faites une simulation gratuite pour obtenir votre tarif précis.",La migration depuis mon ancien comptable est-elle compliquée ?,"Non, c'est très simple. Nous prenons en charge les démarches administratives pour récupérer votre dossier. La transition se fait sans coupure de service et nous nous assurons que tout l'historique est conservé.",Mon logiciel de caisse est-il compatible ?,"Oui, Keobiz est compatible avec la majorité des logiciels de caisse du marché (Kalendes, Flexy, Planity, etc.). Nous récupérons les z de caisse pour automatiser votre comptabilité recettes.",Suis-je engagé sur la durée ?,"Non. Chez Keobiz, nous croyons que la qualité de notre service suffit à vous fidéliser. Nos offres sont sans engagement de durée, vous restez libre.",,
expert-comptable-boulangerie,Expert Comptable Boulangerie : Optimisez vos Marges & Gagnez du Temps,Que comprend l'audit gratuit ?,"Notre audit gratuit inclut une vérification de vos taux de TVA, une analyse rapide de vos derniers bilans pour identifier les économies potentielles, et un point sur votre conformité sociale (paie). C'est sans engagement.","Je suis déjà chez un comptable, est-ce compliqué de changer ?","Non, c'est très simple. Nous prenons en charge toutes les démarches administratives de transfert et la récupération de votre historique comptable. Vous n'avez rien à faire.",Combien coûte votre accompagnement ?,"Nous fonctionnons au forfait mensuel, adapté à la taille de votre boulangerie. Pas de facturation à l'heure surprise. Un devis précis vous est remis après notre premier échange.","En cas de contrôle URSSAF ou fiscal, êtes-vous là ?","Absolument. Nous préparons les éléments, nous répondons aux inspecteurs et nous vous assistons tout au long de la procédure pour défendre vos intérêts.",,
expert-comptable-charpentier,Expert-Comptable Charpentier | Keobiz - Audit & Devis Gratuit,"Je suis souvent en déplacement, comment transmettre mes documents ?",C'est très simple : vous prenez vos factures d'achat et tickets en photo via notre application mobile sécurisée. Nous les récupérons instantanément. Plus besoin de déposer des classeurs au cabinet.,Gérez-vous la TVA à taux réduit et l'autoliquidation ?,"Oui, c'est notre spécialité. Nous maîtrisons parfaitement les règles de TVA spécifiques au BTP (5,5%, 10%, 20%) ainsi que les mécanismes d'autoliquidation en cas de sous-traitance.",Est-ce que je peux changer d'expert-comptable en cours d'année ?,Absolument. Nous prenons en charge toutes les démarches de transfert de votre dossier auprès de votre ancien comptable. La transition est transparente pour vous.,Vos tarifs sont-ils adaptés aux petites structures ?,"Oui, nous proposons des forfaits fixes et transparents adaptés à votre statut (Auto-entrepreneur, EI, EURL, SASU). Aucun coût caché, vous savez ce que vous payez à l'avance.",Suis-je engagé sur la durée ?,"Non, nos offres sont généralement sans engagement de durée complexe. Nous misons sur la qualité de notre service pour vous fidéliser, pas sur des contrats verrouillés."
expert-comptable-esn,Expert Comptable ESN & Freelance IT - Keobiz | Devis Gratuit,"Je suis déjà chez un comptable, comment changer ?",C'est très simple. Nous rédigeons pour vous la lettre de résiliation et nous prenons contact avec votre ancien comptable pour récupérer votre historique (FEC). La migration est transparente et sans perte de données.,Connaissez-vous les spécificités des ESN et freelances IT ?,"Absolument. Une grande partie de nos clients sont dans la Tech. Nous maîtrisons parfaitement les sujets de facturation inter-entreprises, de frais de déplacement, d'achat de matériel informatique amortissable et de droits d'auteur pour les développeurs.",Quel est le tarif pour une ESN ou un freelance ?,"Nos offres commencent à un tarif très compétitif, incluant l'outil de gestion et le bilan. Le prix s'ajuste selon votre volume d'activité et votre statut juridique. Demandez un devis gratuit pour obtenir une offre précise.",Mes données financières sont-elles sécurisées ?,"La sécurité est notre priorité. Nos serveurs sont hébergés en France, les échanges sont chiffrés (SSL) et nous respectons strictement le RGPD et le code de déontologie de l'Ordre des Experts-Comptables.",Est-ce que j'ai un comptable dédié ?,"Oui. Contrairement aux plateformes 100% robotisées, chez Keobiz, vous avez un collaborateur comptable attitré qui connaît votre dossier et que vous pouvez contacter par email ou téléphone illimité."
expert-comptable-bureau-d'étude,Expert-Comptable Bureau d'Étude : Optimisation & Conformité | Keobiz,"Je suis déjà chez un comptable, le transfert est-il compliqué ?","Non, c'est très simple. Nous prenons en charge l'ensemble des démarches administratives pour récupérer votre dossier auprès de votre ancien cabinet. Vous n'avez aucune rupture de service.",Gérez-vous les spécificités comme le Crédit Impôt Recherche (CIR) ?,"Absolument. Nos experts sont formés pour identifier et traiter les dispositifs fiscaux spécifiques aux entreprises innovantes et techniques, comme le CIR ou le CII.",Comment se passe la communication avec mon comptable ?,"Vous avez un comptable dédié, joignable par téléphone, email ou visio. Contrairement aux plateformes 100% robots, vous parlez à un vrai expert qui connaît votre dossier.",Vos tarifs sont-ils adaptés aux petits bureaux d'étude ?,"Oui, nous proposons des forfaits transparents et modulables adaptés à votre volume d'activité. Vous payez pour ce dont vous avez réellement besoin, sans surprise en fin d'année.",Mes données financières sont-elles en sécurité ?,La sécurité est notre priorité. Vos données sont hébergées en France sur des serveurs sécurisés et conformes au RGPD. Nous respectons strictement le secret professionnel.
expert-comptable-sci,"Expert-Comptable SCI : Bilan, Liasse 2072 & Conseils | Keobiz",Est-il obligatoire d'avoir un expert-comptable pour une SCI ?,"Ce n'est pas légalement obligatoire pour une SCI à l'IR (sauf clauses spécifiques), mais c'est fortement recommandé pour éviter les erreurs. Pour une SCI à l'IS ou de grande taille, la complexité comptable rend l'expert quasi-indispensable pour la tenue d'une comptabilité d'engagement.",Quelle est la différence entre une SCI à l'IR et à l'IS ?,"À l'IR (Impôt sur le Revenu), les bénéfices sont imposés directement chez les associés. À l'IS (Impôt sur les Sociétés), c'est la société qui paie l'impôt, ce qui permet souvent de réduire la pression fiscale immédiate et d'amortir le bien. Keobiz vous aide à choisir le meilleur régime.",Comment se passe la transition si j'ai déjà un comptable ?,"C'est très simple. Nous nous occupons de récupérer votre dossier auprès de votre ancien comptable grâce à la lettre de mission. Vous n'avez aucune démarche administrative complexe à effectuer, nous assurons la continuité de vos comptes.",Combien coûte la gestion comptable d'une SCI chez Keobiz ?,"Nos tarifs sont adaptés au volume d'activité de votre SCI (nombre de biens, nombre d'écritures). Nous proposons des forfaits transparents sans coûts cachés. Demandez un devis gratuit pour obtenir une proposition précise en moins de 48h.",Puis-je bénéficier de conseils en optimisation patrimoniale ?,"Oui, nous accompagnons nos clients sur les questions de démembrement de propriété, stratégie de transmission et optimisation du patrimoine immobilier. Nos experts vous conseillent pour structurer au mieux votre SCI selon vos objectifs."
expert-comptable-agence-immobilière,Expert Comptable Agence Immobilière : Audit Gratuit | Keobiz,La migration depuis mon ancien comptable est-elle compliquée ?,"Non, c'est très simple. Keobiz s'occupe de récupérer votre dossier et l'historique auprès de votre ancien cabinet. Nous assurons la continuité de service sans interruption pour votre agence.",Vos tarifs incluent-ils le bilan de fin d'année ?,"Oui, nos forfaits sont 'tout inclus'. Ils comprennent la tenue comptable, les déclarations de TVA, le bilan annuel, la liasse fiscale et l'accès à notre plateforme. Aucune mauvaise surprise en fin d'exercice.","Je suis agent commercial indépendant, avez-vous une offre adaptée ?","Tout à fait. Nous avons des packs spécifiques pour les indépendants et agents mandataires, avec des tarifs ajustés à votre volume d'activité, tout en bénéficiant de la même qualité de conseil.","En cas de contrôle fiscal, suis-je accompagné ?","Oui, l'assistance en cas de contrôle fiscal est incluse dans nos offres. Votre expert dédié répond aux questions de l'administration et défend votre dossier.",Comment garantissez-vous la sécurité de mes données financières ?,Nous utilisons des protocoles de chiffrement bancaire et nos serveurs sont sécurisés en France. Nous sommes soumis au secret professionnel et aux normes strictes de l'Ordre des Experts-Comptables.
expert-comptable-menuisier,"Expert-comptable Menuisier : Gérez Moins, Gagnez Plus | Keobiz",Combien coûte un expert-comptable pour un menuisier ?,"Nos forfaits sont transparents et adaptés à votre volume d'activité. Pas de surprise en fin d'année, tout est inclus dans la mensualité. Demandez un devis pour connaître votre tarif exact.",La transition est-elle compliquée si j'ai déjà un comptable ?,"Non, c'est très simple. Nous prenons en charge la récupération de votre dossier auprès de votre ancien cabinet (lettre de mission, balance, etc.). Vous n'avez rien à faire.",Connaissez-vous les spécificités du bâtiment et du bois ?,"Oui, nous accompagnons des centaines d'artisans. Nous maîtrisons les taux de TVA réduits (5,5%, 10%), les assurances décennales et les amortissements spécifiques à l'outillage.",Suis-je engagé sur la durée ?,"Nous croyons en la qualité de notre service. Nos offres sont généralement sans engagement de durée longue, avec un préavis court. Vérifiez les conditions lors de votre diagnostic.",,
expert-comptable-formateur,Formation Gestion & Compta par Expert-Comptable Formateur | Keobiz,Faut-il des bases en mathématiques ou gestion ?,"Absolument pas. La formation est conçue pour les débutants complets. Si vous savez faire une addition, vous avez le niveau requis.",Pourquoi payer une formation alors que j'ai un comptable ?,"Votre comptable fait la saisie, mais c'est VOUS qui prenez les risques et les décisions. Cette formation vous permet de contrôler le travail fait, de poser les bonnes questions et de ne plus subir votre gestion.",La formation est-elle finançable (CPF / OPCO) ?,"Oui, en tant qu'organisme de formation certifié Qualiopi, nos sessions sont éligibles aux financements CPF et OPCO pour les dirigeants.",Combien de temps cela prend-il ?,"Le programme est conçu pour les agendas chargés : modules courts de 15-20 min, pour une durée totale de 7h, réalisable à votre rythme.",,
expert-comptable-services-aux-entreprises,Expert Comptable Services aux Entreprises : Devis Gratuit | Keobiz,Combien coûtent vos services aux entreprises ?,"Nos tarifs sont adaptés à votre statut et votre volume d'activité, commençant généralement autour de 89€/mois pour un freelance. Le prix est fixe, mensuel et sans frais cachés pour le bilan. Demandez un devis gratuit pour obtenir votre tarif précis.","Je suis déjà chez un comptable, comment changer pour Keobiz ?",C'est très simple : nous nous occupons de tout. Nous contactons votre ancien expert-comptable pour récupérer votre dossier et l'historique (FEC). La transition est fluide et sans coupure de service pour votre entreprise.,Que se passe-t-il en cas de contrôle fiscal ?,"Pas de panique, nous sommes à vos côtés. En tant qu'expert-comptable inscrit à l'Ordre, nous répondons aux questions de l'administration et vous assistons durant toute la procédure de contrôle.",Suis-je engagé sur la durée ?,"Non, chez Keobiz, nous croyons que la qualité de notre service suffit à fidéliser nos clients. Nos offres sont sans engagement de durée, avec un préavis de résiliation standard et court.","Mon activité est spécifique, allez-vous comprendre mes besoins ?","Absolument. Nous accompagnons des artisans, commerçants, professions libérales, consultants, VTC, et e-commerçants. Nous vous affectons un collaborateur qui connaît les spécificités fiscales et sociales de votre secteur."
expert-comptable-menuisier,Expert-Comptable Menuisier : Comptabilité & Fiscalité Simplifiées | Keobiz,"Connaissez-vous vraiment les spécificités du bâtiment (TVA, décennale) ?","Oui, absolument. Nous accompagnons plus de 300 artisans. Nos experts maîtrisent les taux de TVA réduits (5.5%, 10%), l'autoliquidation en sous-traitance et les spécificités de la paie dans le BTP.",Est-ce compliqué de changer d'expert-comptable pour venir chez vous ?,"Non, c'est très simple. Nous nous occupons de récupérer l'historique auprès de votre ancien comptable. La transition est transparente et sans coupure de service pour votre activité.",Que se passe-t-il en cas de contrôle fiscal ?,"Pas de panique. En tant qu'Inscrit à l'Ordre, nous engageons notre responsabilité sur les comptes produits. Nous vous assistons, répondons aux questions de l'administration et préparons les pièces justificatives.","Je suis souvent sur chantier, comment communiquons-nous ?","Nous privilégions la réactivité : échanges par email, téléphone ou visio selon vos disponibilités. Notre application mobile vous permet de gérer l'essentiel (devis, photos de factures) directement depuis votre camion ou le chantier.",Vos tarifs sont-ils adaptés aux petites structures ?,"Oui, nous proposons des forfaits fixes et transparents, adaptés aux auto-entrepreneurs comme aux TPE/PME. Vous payez pour ce dont vous avez besoin, sans coût caché."
expert-comptable-entreprise-de-nettoyage,Expert Comptable Entreprise de Nettoyage : Devis & Audit Gratuit | Keobiz,Gérez-vous les spécificités de la convention collective du nettoyage ?,"Absolument. Nos gestionnaires de paie sont formés aux spécificités de votre convention (reprise du personnel, primes d'expérience, paniers, majorations dimanches/jours fériés).",Est-ce compliqué de changer d'expert-comptable pour venir chez vous ?,"Non, c'est très simple. Nous nous occupons de récupérer l'historique comptable auprès de votre ancien prestataire. La transition est transparente et sans coupure de service.",Combien ça coûte ?,"Nous proposons des forfaits mensuels fixes et transparents, adaptés à la taille de votre entreprise (nombre de salariés, volume d'écritures). Aucun frais caché, tout est clair dès le devis.",Puis-je scanner mes factures d'achat de produits d'entretien ?,"Oui ! Avec notre application mobile, vous prenez en photo vos factures fournisseurs (produits, machines, carburant) et elles sont automatiquement intégrées en comptabilité.",Que se passe-t-il en cas de contrôle URSSAF ?,Nous sommes à vos côtés. Nous préparons les documents nécessaires et répondons aux inspecteurs. Notre rigueur en amont minimise drastiquement les risques de redressement.
expert-comptable-plomberie,Expert-Comptable Plomberie : Spécialiste Artisans | Keobiz,Combien coûte un expert-comptable pour un plombier ?,"Chez Keobiz, nous proposons des forfaits mensuels transparents adaptés à votre volume d'activité. Pas de facturation à l'heure surprise. Demandez un devis pour obtenir votre tarif personnalisé en 2 minutes.",Est-ce compliqué de changer de comptable pour venir chez vous ?,"Non, c'est très simple. Nous nous occupons de récupérer l'historique comptable auprès de votre ancien prestataire (via la lettre de reprise). La transition est transparente pour vous, sans interruption de service.","Connaissez-vous les spécificités du bâtiment (TVA, assurance, etc.) ?","Absolument. Nous accompagnons des milliers d'artisans du BTP. Nous maîtrisons parfaitement les taux de TVA réduits (5,5%, 10%), les obligations d'assurance décennale et les spécificités de la facturation de chantier.",Suis-je engagé sur la durée ?,"Nos contrats sont clairs. Nous misons sur la qualité de notre service pour vous fidéliser, pas sur des clauses abusives. En cas d'insatisfaction (ce qui est rare !), les conditions de résiliation sont simples.",,
expert-comptable-gestion-de-patrimoine,Expert Comptable Gestion de Patrimoine : Audit Gratuit | Keobiz,L'audit est-il vraiment gratuit ?,"Oui, le premier audit patrimonial est 100% gratuit et sans engagement. Il nous permet d'analyser votre situation et de vous démontrer la valeur de notre accompagnement avant toute décision.",Pourquoi choisir un expert-comptable plutôt qu'un banquier ?,"Le banquier vend souvent les produits de sa banque. En tant qu'experts-comptables, nous sommes indépendants et avons une vision globale de votre fiscalité (pro et perso), ce qui nous permet de vous conseiller en toute objectivité.",À partir de quel niveau de revenus est-ce intéressant ?,"Dès lors que vous payez plus de 2500€ d'impôts par an ou que vous avez une capacité d'épargne, des leviers d'optimisation existent. Il n'est pas nécessaire d'être millionnaire pour optimiser son patrimoine.",Mes données sont-elles confidentielles ?,"Absolument. En tant qu'experts-comptables inscrits à l'Ordre, nous sommes tenus au secret professionnel le plus strict. Vos informations ne seront jamais partagées.",,
expert-comptable-services-aux-entreprises,Expert comptable services aux entreprises : Devis gratuit | Keobiz,Est-ce compliqué de changer d'expert-comptable pour venir chez Keobiz ?,"Non, c'est très simple. Nous prenons en charge la récupération de votre dossier auprès de votre ancien comptable (lettre de reprise). La transition est transparente pour vous, sans interruption de service.",Vos tarifs incluent-ils le bilan et la liasse fiscale ?,"Oui, absolument. Nos forfaits 'Services aux entreprises' sont tout inclus : tenue comptable, déclarations de TVA, bilan annuel, liasse fiscale et conseils illimités. Pas de mauvaise surprise en fin d'année.",Suis-je engagé sur la durée ?,"Chez Keobiz, nous croyons à la satisfaction client. Nos offres sont généralement sans engagement de durée complexe, avec un préavis court. Consultez nos CGV pour les détails spécifiques à votre pack.","En cas de contrôle fiscal, êtes-vous présents ?","Oui, nous vous assistons en cas de contrôle. En tant qu'expert-comptable inscrit à l'Ordre, nous sommes votre représentant légal face à l'administration pour défendre votre dossier.",,
expert-comptable-developpeur-freelance,Expert-Comptable & Développeur Freelance : Compta Automatisée & Sûre,Est-ce vraiment plus cher qu'un expert-comptable classique ?,"Non. Bien que l'expertise soit double, l'automatisation me permet de passer moins de temps sur la saisie et plus sur le conseil. Nos offres packagées sont compétitives et le ROI est souvent immédiat grâce au temps gagné.",Mes données sont-elles en sécurité ?,"Absolument. En tant qu'expert-comptable, je suis soumis au secret professionnel. Côté tech, j'utilise des protocoles de chiffrement bancaires et des serveurs sécurisés conformes RGPD.","Je n'y connais rien en code, est-ce pour moi ?","Oui ! C'est justement mon rôle. Je m'occupe de toute la complexité technique (API, scripts). Vous profitez simplement d'une comptabilité fluide et d'outils qui marchent, sans mettre les mains dans le code.",Comment se passe la transition si j'ai déjà un comptable ?,"Je gère la reprise de votre dossier historique. Nous procédons par étapes : audit de l'existant, mise en place des connexions techniques, puis bascule comptable. C'est transparent pour vous.",,
expert-comptable-électricien,Expert comptable électricien : Spécialiste BTP & Artisans | Keobiz,Comment se passe la transition avec mon ancien comptable ?,"C'est très simple. Nous nous occupons de récupérer votre dossier et l'historique comptable auprès de votre ancien prestataire (lettre de mission, balance, grand livre). Vous n'avez aucune démarche complexe à faire, nous assurons la continuité de service.",Quels documents dois-je vous fournir chaque mois ?,"Uniquement vos factures d'achat et de vente, que vous pouvez scanner ou prendre en photo via notre application. Nous récupérons automatiquement vos relevés bancaires via une connexion sécurisée.",Vos tarifs comprennent-ils le bilan de fin d'année ?,"Oui, nos forfaits sont tout compris. Ils incluent la tenue comptable, les déclarations fiscales (TVA, liasse fiscale) et l'établissement du bilan annuel. Aucune mauvaise surprise en fin d'exercice.",Que se passe-t-il en cas de contrôle fiscal ?,"Nous sommes à vos côtés. En tant qu'expert-comptable inscrit à l'Ordre, nous répondons aux questions de l'administration et justifions les écritures comptables. Vous n'êtes jamais seul face aux impôts.",Suis-je engagé sur la durée ?,"Non, chez Keobiz, la satisfaction client est notre priorité. Nos contrats sont généralement sans engagement de durée contraignant, avec un préavis court pour vous laisser libre de vos choix."
expert-comptable-commerce-de-gros,Expert-comptable Commerce de Gros : +10% Rentabilité & -20h Admin | Keobiz,Vos tarifs sont-ils adaptés à une PME de commerce de gros ?,Absolument. Nous proposons des forfaits transparents basés sur votre volume d'activité. L'objectif est que nos conseils en optimisation couvrent largement le coût de nos honoraires (ROI positif).,Est-ce compliqué de changer d'expert-comptable pour venir chez vous ?,"Non, c'est très simple. Nous nous occupons de tout : récupération du dossier auprès de votre ancien comptable, transfert des données et paramétrage. Vous n'avez aucune démarche administrative à faire.","Je préfère un comptable proche de chez moi, pourquoi choisir Keobiz ?","La proximité physique ne remplace pas l'expertise sectorielle. Avec Keobiz, vous avez un expert dédié joignable directement, des outils digitaux performants, et surtout une connaissance pointue des enjeux du commerce de gros que n'a pas toujours un cabinet généraliste local.",Comment se passe la communication au quotidien ?,"Vous avez un collaborateur dédié qui connaît votre dossier par cœur. Échanges par mail, téléphone ou visio selon votre préférence, avec une réponse garantie sous 24h ouvrées.",Gérez-vous aussi la paie et le social ?,"Oui, nous avons un pôle social dédié qui gère les bulletins de paie, les contrats de travail et les déclarations sociales, vous assurant une conformité totale avec la convention collective de votre secteur."
expert-comptable-enseignement,Expert-Comptable Enseignement & Formation : Sérénité Fiscale | Keobiz,"Je suis déjà chez un comptable, le transfert est-il compliqué ?","Non, c'est très simple. Grâce à la loi Macron, changer est facile. Nous rédigeons la lettre de résiliation pour vous et nous occupons de récupérer tout l'historique comptable auprès de votre ancien cabinet sans frais supplémentaires.",Connaissez-vous les spécificités fiscales des enseignants ?,"Absolument. Nous gérons quotidiennement des dossiers impliquant le cumul emploi public/privé, les frais réels spécifiques (livres, bureau à domicile, matériel informatique) et les différents régimes de TVA applicables à la formation.",Est-ce rentable pour une petite activité de cours particuliers ?,"Oui, car nos forfaits sont adaptés à votre volume d'activité. De plus, l'économie réalisée grâce à l'optimisation fiscale et au non-paiement de pénalités couvre souvent largement le coût de nos honoraires.",Comment se passe la communication avec mon comptable ?,"Vous avez un comptable dédié attitré. Vous pouvez échanger avec lui par email, téléphone ou visio, de manière illimitée pour toutes vos questions courantes de gestion.",,
expert-comptable-courtier-en-assurance,Expert Comptable & Courtier en Assurance : Audit Gratuit | Keobiz,L'audit est-il vraiment 100% gratuit ?,"Oui, absolument. Nous analysons votre situation comptable et assurantielle sans aucun engagement de votre part. C'est notre manière de vous prouver notre valeur avant toute collaboration.",Est-ce compliqué de changer d'expert-comptable ou d'assureur ?,"Non, Keobiz s'occupe de toutes les démarches de transfert. Nous contactons vos anciens prestataires et gérons la résiliation et le transfert des dossiers. Vous n'avez rien à faire.","Je suis déjà assuré, pourquoi changer ?","Vos besoins évoluent avec votre chiffre d'affaires. Souvent, les contrats souscrits au début ne sont plus adaptés. Notre double expertise permet d'ajuster votre couverture à votre réalité comptable actuelle, souvent à meilleur prix.",Quels types de statuts accompagnez-vous ?,"Nous sommes spécialisés dans l'accompagnement des indépendants : micro-entrepreneurs, professions libérales, artisans, commerçants et dirigeants de TPE (SASU, EURL, SARL).",,
expert-comptable-dropshipping,Expert Comptable Dropshipping : Conformité TVA & Optimisation - Keobiz,"Comprenez-vous vraiment le modèle dropshipping (AliExpress, CJ, Agents) ?","Oui, absolument. Nous maîtrisons les spécificités du dropshipping : décalages de trésorerie, gestion des factures fournisseurs asiatiques, frais de processeurs de paiement (Stripe/PayPal) et les règles de TVA à l'importation.",Comment se passe la reprise de ma comptabilité actuelle ?,Nous gérons la migration de A à Z. Nous contactons votre ancien expert-comptable pour récupérer l'historique (FEC) et assurons la continuité sans interruption de service. L'onboarding est simple et rapide.,Y a-t-il des frais cachés en plus du forfait ?,"Non. Nos lettres de mission sont transparentes. Le forfait couvre la tenue, les déclarations fiscales courantes (TVA) et le bilan. Seules des missions exceptionnelles (juridique complexe, audit spécial) font l'objet d'un devis séparé validé par vous.",Gérez-vous la TVA dans tous les pays de l'UE (OSS) ?,"Oui, nous prenons en charge vos déclarations OSS (One-Stop Shop) pour centraliser le paiement de la TVA sur vos ventes dans toute l'Union Européenne, ainsi que l'IOSS pour les importations.",Puis-je changer d'offre si mon chiffre d'affaires explose ?,"Bien sûr. Nos offres sont évolutives. Si vous passez de 'Starter' à 'Scale' en cours d'année, nous ajustons simplement l'accompagnement pour répondre à vos nouveaux besoins de volume et de conseil."
expert-comptable-automobile,Expert Comptable Automobile : Spécialiste Garage & Vente | Keobiz,"Je suis déjà chez un comptable, le transfert est-il compliqué ?",Pas du tout. Nous nous occupons de toutes les démarches administratives pour récupérer votre dossier auprès de votre ancien comptable. La transition est transparente et sans coupure de service.,Maîtrisez-vous vraiment la TVA sur marge ?,"Oui, c'est notre spécialité. Nous connaissons parfaitement les régimes du cas par cas et de la globalisation, et nous vous conseillons le plus avantageux pour votre stock.",Combien coûte votre service ?,"Nos forfaits sont adaptés à votre volume d'activité et sont transparents, sans coûts cachés. L'audit initial pour évaluer vos besoins et économies potentielles est 100% gratuit.",Suis-je engagé sur la durée ?,"Nous croyons à la qualité de notre service pour vous retenir, pas aux contraintes. Nos offres sont généralement sans engagement de durée complexe (selon conditions du contrat).",Comment fonctionne l'audit gratuit ?,C'est un échange téléphonique de 20 minutes avec un spécialiste auto. Nous analysons votre situation actuelle et identifions immédiatement les points d'optimisation possibles.
expert-comptable-agent-commercial-:-optimisez-votre-fiscalité,Expert Comptable Agent Commercial : Optimisez votre Fiscalité | Keobiz,Combien coûte votre accompagnement par rapport aux économies réalisées ?,"Notre tarif est conçu pour être un investissement, pas une charge. Pour un agent commercial, nos honoraires sont 100% déductibles et le ROI moyen constaté est supérieur à x3 grâce aux économies fiscales générées.","Je suis déjà chez un comptable, le transfert est-il compliqué ?","Non, c'est très simple. Nous prenons en charge l'ensemble des démarches administratives pour récupérer votre dossier auprès de votre ancien cabinet (lettre de mission, historique). Vous n'avez rien à gérer.",Vos optimisations fiscales sont-elles risquées ?,"Absolument pas. Nous sommes inscrits à l'Ordre des Experts-Comptables et tenus à une déontologie stricte. Nous utilisons toutes les options légales (loi Madelin, frais réels, etc.) sans jamais franchir la ligne jaune.",Proposez-vous un bilan prévisionnel pour mes objectifs de vente ?,"Oui, cela fait partie de nos missions de conseil. Nous vous aidons à fixer vos objectifs de chiffre d'affaires pour atteindre la rémunération nette que vous visez.",,
expert-comptable-holding,Expert-Comptable Holding : Audit Gratuit & Optimisation Fiscale | Keobiz,Combien coûte la comptabilité d'une holding chez Keobiz ?,"Nos tarifs sont transparents et adaptés à la complexité de votre structure (holding passive ou animatrice). Après l'audit gratuit, nous vous proposons un forfait mensuel fixe, sans coût caché, généralement bien plus compétitif qu'un cabinet traditionnel grâce à nos outils digitaux.",Comment se passe la transition si j'ai déjà un expert-comptable ?,"C'est très simple : nous nous occupons de tout. Grâce à la lettre de mission, nous récupérons directement votre dossier auprès de votre ancien comptable. La transition est fluide, sans coupure de service et sans effort de votre part.","Êtes-vous compétents pour les montages complexes (LBO, SPFPL) ?","Oui. Nos équipes comptent des fiscalistes et juristes spécialisés dans les montages à effet de levier (LBO, OBO) et les holdings de professions libérales (SPFPL). Nous gérons quotidiennement ces structures pour des centaines de clients.",En quoi consiste l'audit gratuit ?,"C'est un diagnostic de 30 minutes avec un expert. Nous analysons votre structure actuelle, vos derniers bilans et vos objectifs. À l'issue, nous vous fournissons une estimation des économies potentielles et des points de vigilance juridique.",,
expert-comptable-consultant,Expert Comptable Consultant : Optimisation & Gestion pour Indépendants | Keobiz,Combien coûte un expert-comptable consultant chez Keobiz ?,"La transparence est notre règle. Nous proposons des forfaits mensuels fixes adaptés à votre statut (Freelance, TPE, Profession libérale), sans frais cachés. Un devis personnalisé vous est remis avant tout engagement.","J'ai déjà un comptable, est-ce compliqué de changer ?","Absolument pas. Nous prenons en charge 100% des démarches de transfert. Nous contactons votre ancien cabinet pour récupérer votre dossier, assurant une continuité de service sans coupure pour vous.",Est-ce un service 100% en ligne ou puis-je parler à quelqu'un ?,"C'est le meilleur des deux mondes. Vous profitez de l'efficacité du digital pour la transmission des documents, mais vous avez un expert-comptable consultant dédié, joignable par téléphone, visio ou email pour vous conseiller.",Comment garantissez-vous mes économies fiscales ?,"Nous réalisons un audit initial complet de votre situation. Notre rôle de consultant est d'identifier tous les dispositifs légaux (frais réels, crédits d'impôt, arbitrages rémunération/dividendes) applicables à votre cas.",Suis-je engagé sur la durée ?,"Non, la liberté est une valeur clé pour les indépendants. Nos offres sont généralement sans engagement de durée contraignant, avec un préavis court et clair précisé dans votre lettre de mission."
expert-comptable-serrurier,Expert Comptable Serrurier : Devis & Diagnostic Gratuit | Keobiz,Connaissez-vous vraiment les spécificités du métier de serrurier ?,"Absolument. Nous gérons des centaines d'artisans du bâtiment. Nous maîtrisons les taux de TVA réduits (5,5% et 10%), la gestion des frais de déplacement, les indemnités d'astreinte et les règles strictes de facturation du dépannage à domicile.",Est-ce que c'est cher pour une petite structure ?,"Non. Nos forfaits sont adaptés à votre chiffre d'affaires et souvent plus économiques qu'un cabinet traditionnel car nous utilisons des outils digitaux performants. De plus, les économies fiscales réalisées rentabilisent souvent le coût du service.","Je suis déjà chez un comptable, le changement est-il compliqué ?","C'est très simple. Keobiz s'occupe de toutes les démarches administratives pour récupérer votre dossier auprès de votre ancien expert-comptable. La transition est transparente pour vous, sans interruption de service.",Que se passe-t-il en cas de contrôle fiscal ?,Nous sommes à vos côtés. Nous répondons aux questions de l'administration et fournissons toutes les pièces justificatives. Notre garantie 'Sérénité' vous assure que votre comptabilité est tenue dans les règles de l'art.,,
expert-comptable-epicerie,Expert-Comptable Épicerie : Comptabilité & TVA Simplifiées | Keobiz,Est-ce compatible avec mon logiciel de caisse actuel ?,"Oui, nous sommes compatibles avec 99% des logiciels de caisse du marché (Zettle, Tiller, SumUp, etc.) via export ou connexion API. Nous nous chargeons du paramétrage initial.","Je suis une petite structure, est-ce trop cher pour moi ?","Non, nos offres 'Starter' sont conçues spécifiquement pour les TPE et commerces de proximité. Vous ne payez que pour ce dont vous avez besoin, souvent moins cher qu'un comptable de quartier classique grâce à nos outils digitaux.",Comment se passe le changement si j'ai déjà un comptable ?,"C'est très simple : nous rédigeons la lettre de résiliation pour vous et nous contactons votre ancien expert-comptable pour récupérer l'historique (FEC). Vous n'avez rien à faire, nous assurons la continuité sans coupure.",Aidez-vous aussi pour la gestion de la paie des employés ?,"Absolument. Nous proposons un module social optionnel pour gérer les fiches de paie, les déclarations sociales (DSN) et les contrats de travail de vos vendeurs ou livreurs.","En cas de contrôle fiscal, êtes-vous présents ?","Oui, c'est inclus dans notre accompagnement. Nous recevons le contrôleur, répondons aux questions techniques et défendons votre dossier. Vous n'êtes jamais seul."
expert-comptable-commerce,Expert Comptable Commerce : Compta Simplifiée & Audit Gratuit | Keobiz,"Je suis déjà chez un comptable, comment changer pour Keobiz ?","C'est très simple. Nous prenons en charge toutes les démarches administratives de transfert. Nous contactons votre ancien cabinet pour récupérer votre dossier (FEC, bilan N-1). La transition est transparente pour vous, sans interruption de service.",Votre solution est-elle compatible avec mon logiciel de caisse ?,"Oui, Keobiz est compatible avec la majorité des logiciels de caisse du marché (Zettle, SumUp, Tiller, etc.) et les solutions e-commerce (Shopify, PrestaShop, WooCommerce). Nous mettons en place les passerelles pour automatiser les flux.",Quels sont les tarifs pour un commerce ?,"Nos tarifs débutent à partir de forfaits mensuels très compétitifs, adaptés à votre volume d'activité. Le prix est fixe et transparent : bilan, liasse fiscale, déclarations de TVA et conseil illimité sont inclus. Demandez votre devis pour un chiffrage précis.",Suis-je engagé sur la durée ?,"Non, chez Keobiz, la satisfaction client est notre priorité. Nos contrats sont sans engagement de durée complexe. De plus, nous offrons une garantie 'Satisfait ou Remboursé' durant le premier mois de collaboration.",Tout est-il vraiment 100% digital ?,"Les outils sont digitaux pour vous faire gagner du temps (zéro papier), mais l'accompagnement est 100% humain. Vous avez un comptable dédié attitré qui connaît votre dossier et que vous pouvez joindre par téléphone ou visio quand vous le souhaitez."
expert-comptable-boucherie-charcuterie,Expert-Comptable Boucherie Charcuterie - Optimisez vos Marges | Keobiz,Combien coûte un expert-comptable spécialisé boucherie ?,"Nos forfaits sont transparents et débutent à partir de tarifs très compétitifs grâce à nos outils digitaux. Cependant, chaque boucherie est unique (taille, nombre de salariés). Demandez votre audit gratuit pour obtenir un devis précis au centime près.","Je travaille déjà avec un comptable, est-ce compliqué de changer ?","Non, c'est très simple. La loi facilite la mobilité. Nous rédigeons la lettre de résiliation pour vous et nous contactons votre ancien comptable pour récupérer l'historique (FEC, bilans). Vous n'avez rien à faire, nous assurons la continuité sans coupure.",Êtes-vous un 'vrai' cabinet d'expert-comptable ?,"Absolument. Keobiz est inscrit à l'Ordre des Experts-Comptables. Vous bénéficiez de toutes les garanties de la profession (assurance responsabilité civile, devoir de conseil, secret professionnel), avec la réactivité du digital en plus.",Comment se passe la gestion de mes tickets Z et factures ?,"Fini la boîte à chaussures ! Vous prenez vos factures en photo via notre application mobile, et nous connectons votre caisse enregistreuse à nos outils. Tout est transmis instantanément et sécurisé.",,
expert-comptable-medecin-liberal,Expert-Comptable Médecin Libéral : Optimisation Fiscale & Sérénité | Keobiz,Combien coûte votre accompagnement comptable ?,"Nous proposons des forfaits clairs et sans surprise, adaptés à votre statut (BNC simple, SELARL, SCM). Le tarif est fixé après le diagnostic gratuit pour coller exactement à vos besoins, sans surcoût caché.","Je suis déjà chez un expert-comptable, est-ce compliqué de changer ?","C'est très simple et nous nous occupons de tout. Nous contactons votre ancien cabinet pour récupérer l'historique (FEC, grand livre) et assurons la transition sans interruption de service. Vous n'avez aucune démarche administrative à faire.","Êtes-vous compétents pour les structures de groupe (SCM, SCP) ?","Absolument. Nous gérons la comptabilité individuelle des associés ainsi que celle de la structure de moyens (SCM) ou d'exercice (SCP), en assurant la cohérence des déclarations entre les entités.",Comment fonctionne l'assistance en cas de contrôle ?,"Si vous recevez un avis de contrôle sur une période gérée par Keobiz, nous prenons en charge les échanges avec le contrôleur et défendons les liasses fiscales établies. Cette prestation est incluse dans votre forfait.",,
expert-comptable-pour-freelance,Expert Comptable pour Freelance : Devis & Diagnostic Gratuit | Keobiz,Est-ce rentable de payer un expert-comptable quand on est freelance ?,"Absolument. Au-delà du temps gagné (que vous pouvez facturer), un expert-comptable identifie des déductions et optimisations que vous ignorez souvent. Le coût du service est très souvent compensé par les économies fiscales réalisées et la sécurité d'éviter des amendes.",Comment se passe la transition si j'ai déjà un comptable ?,C'est très simple. Nous nous occupons de récupérer votre dossier auprès de votre ancien prestataire grâce à notre lettre de mission. Nous assurons la reprise des historiques comptables sans interruption de service pour vous.,Gérez-vous aussi les micro-entrepreneurs ?,"Oui, nous avons des offres spécifiques pour les micro-entrepreneurs qui souhaitent dépasser les plafonds ou qui veulent simplement sécuriser leurs déclarations et préparer leur passage en société.",Suis-je engagé sur la durée ?,"Nos lettres de mission sont transparentes. Bien que la comptabilité soit un exercice annuel, nous privilégions la satisfaction client. Les conditions de résiliation sont claires et sans pièges.",Mes données sont-elles sécurisées ?,La confidentialité et la sécurité sont au cœur de notre métier réglementé. Nous utilisons des protocoles de cryptage bancaire et vos données sont hébergées sur des serveurs sécurisés en conformité totale avec le RGPD.
expert-comptable-fleuriste,Expert Comptable Fleuriste : Gestion & Fiscalité sur-mesure | Keobiz,Combien coûte un expert-comptable pour une petite boutique de fleurs ?,"Nous proposons des forfaits adaptés à la taille de votre activité, transparents et sans surprise. L'audit initial gratuit nous permet de vous proposer l'offre la plus rentable pour vous, souvent compensée par les économies fiscales réalisées.","Je suis déjà chez un comptable, le changement est-il compliqué ?","Non, c'est très simple. Grâce à la loi, nous prenons en charge la migration de votre dossier. Nous contactons votre ancien comptable et récupérons l'historique sans interruption de service pour votre boutique.",Connaissez-vous vraiment les spécificités du métier de fleuriste ?,"Absolument. Nous accompagnons des centaines de commerçants de détail et connaissons parfaitement les enjeux de périssabilité (taux de freinte), de saisonnalité forte et de gestion de caisse spécifiques à votre métier.",L'audit gratuit m'engage-t-il à signer ?,"Aucunement. L'audit est une consultation offerte pour faire le point sur votre situation fiscale et sociale. Vous repartez avec des pistes d'amélioration, libre de travailler avec nous ou non par la suite.",Proposez-vous un accompagnement pour les reprises de boutiques ?,"Oui, nous accompagnons régulièrement des fleuristes dans leur projet de reprise. Nous vous aidons à analyser les comptes de la boutique cible, à structurer le financement et à optimiser fiscalement votre acquisition."
expert-comptable-psychologue,Expert-comptable psychologue : Sérénité financière & Coaching | Keobiz,Êtes-vous un thérapeute ou un comptable ?,"Nous sommes avant tout un cabinet d'expertise comptable (Keobiz), mais nos experts sont formés à la psychologie du dirigeant. Nous ne soignons pas des pathologies, nous traitons l'anxiété liée à la gestion pour améliorer la performance de l'entreprise.",Est-ce plus cher qu'un comptable classique ?,Nos tarifs sont adaptés aux TPE/PME. Considérez le coût des erreurs de gestion ou d'un burn-out : notre accompagnement est un investissement qui se rentabilise souvent dès les premiers mois grâce aux optimisations fiscales et au gain de temps.,La confidentialité est-elle assurée ?,Absolument. Nous sommes tenus au secret professionnel de l'expert-comptable et appliquons les standards de confidentialité les plus stricts (RGPD). Ce qui se dit en session reste en session.,"Je n'ai pas le temps pour des séances longues, comment faire ?","Nous savons que votre temps est précieux. Notre format est flexible : échanges visio ciblés, tableaux de bord simplifiés et communication asynchrone pour aller droit au but sans perte de temps.",,
expert-comptable-transport-de-marchandises,Expert-Comptable Transport de Marchandises : Audit Gratuit | Keobiz,"Je suis souvent sur la route, comment échanger avec mon comptable ?","C'est tout l'intérêt de Keobiz. Tout se fait à distance via notre application mobile, par téléphone ou email. Votre comptable dédié s'adapte à vos horaires, même si vous êtes en déplacement.",Gérez-vous la récupération de la TICPE / gasoil professionnel ?,Absolument. C'est une spécificité cruciale du transport de marchandises. Nous montons les dossiers de remboursement semestriels ou trimestriels pour optimiser votre trésorerie.,Est-ce compliqué de changer d'expert-comptable pour venir chez vous ?,"Non, nous nous occupons de tout. Nous contactons votre ancien comptable pour récupérer votre dossier et l'historique (FEC). La transition est transparente pour vous, sans interruption de service.",Combien coûte votre accompagnement ?,"Nous proposons des forfaits fixes et transparents adaptés à votre taille (Auto-entrepreneur, EURL, SAS, etc.). Pas de surprise en fin d'année. Demandez votre devis gratuit pour un tarif précis.",,
expert-comptable-librairie,Expert Comptable Librairie | Audit Gratuit & Gestion Spécialisée - Keobiz,Connaissez-vous vraiment les spécificités du métier de libraire ?,"Oui. Nous accompagnons de nombreuses librairies et maîtrisons parfaitement les sujets clés : taux de TVA réduits, gestion des retours, remises éditeurs et dispositifs d'aides (CNL, etc.).",Est-ce compliqué de changer d'expert-comptable pour venir chez vous ?,"Non, c'est très simple. Nous prenons en charge la récupération de votre dossier auprès de votre ancien comptable. La transition est fluide et sans coupure de service.",Combien coûte votre service ?,"Nos forfaits sont transparents et adaptés à la taille de votre librairie. Tout est inclus : bilan, liasse fiscale, conseil illimité. Demandez un devis gratuit pour obtenir un tarif précis.",Suis-je engagé sur la durée ?,Nous croyons en la qualité de notre service pour vous fidéliser. Nos contrats sont clairs et nous offrons une garantie 'satisfait ou remboursé' le premier mois.,,
expert-comptable-poissonnerie,Expert Comptable Poissonnerie : Optimisez Marges & Trésorerie | Keobiz,Combien coûte un expert-comptable spécialisé poissonnerie ?,Nos forfaits sont adaptés aux TPE et débutent à des tarifs très compétitifs. Le coût est rapidement amorti par les économies fiscales et l'optimisation de vos marges. Le diagnostic initial nous permet de vous proposer un devis sur-mesure sans surprise.,"Je suis un petit commerce, est-ce vraiment pour moi ?",Absolument. Nous accompagnons aussi bien les grandes poissonneries que les commerçants sur les marchés. Nos outils digitaux sont conçus pour simplifier la vie des petites structures.,Comment se passe la transition avec mon ancien comptable ?,"Nous nous occupons de tout. Nous contactons votre ancien expert-comptable pour récupérer l'historique et les documents nécessaires. La transition est transparente pour vous, sans interruption de service.",Que contient le diagnostic gratuit ?,"C'est un audit de 30 minutes de votre situation actuelle : analyse de votre structure de coûts, vérification de la conformité TVA et identification des leviers d'économies immédiats.",Êtes-vous disponibles en cas de contrôle ?,"Oui, c'est notre rôle. En cas de contrôle fiscal ou URSSAF, nous sommes votre interlocuteur direct face à l'administration et nous défendons vos intérêts."
expert-comptable-salon-de-coiffure,Expert Comptable Salon de Coiffure : Audit Fiscal Gratuit | Keobiz,Connaissez-vous les spécificités de la convention collective de la coiffure ?,"Absolument. Nos gestionnaires de paie sont formés aux spécificités de votre convention collective (primes, classification, temps de travail) pour garantir une conformité totale.",Est-ce compliqué de changer d'expert-comptable pour venir chez vous ?,"Non, c'est très simple. Nous nous occupons de récupérer l'historique auprès de votre ancien comptable. La transition est fluide et sans coupure de service pour votre salon.",Vos tarifs sont-ils adaptés aux petits salons ou coiffeurs indépendants ?,"Oui, nous proposons des forfaits évolutifs. Que vous soyez en location de fauteuil ou à la tête d'un salon avec 5 salariés, vous ne payez que pour ce dont vous avez besoin.",Comment se passe la communication si tout est à distance ?,"Vous avez un comptable dédié attitré. Vous pouvez le joindre par téléphone, email ou visio sans surcoût. Vous profitez de la réactivité du digital avec la chaleur d'un conseil humain.",,
expert-comptable-profession-liberale,Expert Comptable Profession Libérale : Gestion & Optimisation | Keobiz,Vos tarifs sont-ils adaptés aux débuts d'activité ?,"Oui, nous proposons des forfaits évolutifs. Pour un professionnel libéral en début d'activité, nos offres démarrent à des tarifs très compétitifs, incluant l'essentiel pour être en règle sans peser sur votre trésorerie.",Comment se passe la transition si j'ai déjà un expert-comptable ?,C'est très simple. Nous nous occupons de récupérer votre dossier auprès de votre ancien cabinet via une lettre de reprise. Nous assurons la continuité de vos comptes sans coupure de service.,"Gérez-vous les déclarations sociales (URSSAF, caisses de retraite) ?","Absolument. En plus du volet fiscal (déclaration 2035, TVA), nous pouvons prendre en charge le calcul et les déclarations de vos charges sociales personnelles pour vous éviter les mauvaises surprises.",Suis-je engagé sur la durée ?,"Non, chez Keobiz, nous croyons que la fidélité se mérite par la qualité du service. Nos offres sont généralement sans engagement de durée pluriannuelle, avec un préavis court et clair.",Est-ce que je peux rencontrer mon comptable ?,"Bien que nous soyons un cabinet digital pour plus de réactivité et d'économies, l'humain reste au cœur de notre service. Vous avez un comptable dédié joignable par téléphone, email ou visio à tout moment."
expert-comptable-courtier,Expert Comptable Courtier : Optimisez Compta et Financement | Keobiz,Est-ce plus cher de passer par un service combiné ?,"Au contraire. En centralisant les missions, nous réduisons les frais de structure. De plus, notre rémunération sur la partie courtage est souvent au succès (no deal, no fee), et compensée par les économies réalisées sur votre taux.",Comment garantissez-vous la sécurité de mes données ?,"En tant qu'experts-comptables inscrits à l'Ordre, nous sommes soumis au secret professionnel strict. Vos données sont hébergées sur des serveurs sécurisés en France, conformes RGPD.",Puis-je vous solliciter uniquement pour le financement ?,"Oui, c'est possible. Cependant, notre force réside dans la maîtrise de vos chiffres comptables pour appuyer votre demande. Le diagnostic gratuit nous permettra d'évaluer la meilleure approche pour vous.",Comment se déroule le diagnostic gratuit ?,"C'est un échange de 20 minutes avec un spécialiste. Nous analysons votre situation actuelle, identifions les blocages de trésorerie et évaluons votre capacité d'emprunt immédiate.",Quelle est la différence avec un courtier classique ?,"Un courtier classique ne voit pas votre comptabilité au jour le jour. Nous, si. Nous pouvons donc ajuster les écritures comptables en amont pour présenter le meilleur profil financier possible aux banques."
expert-comptable-lmnp,Expert Comptable LMNP : Audit Gratuit & Optimisation Fiscale | Keobiz,Combien coûtent vos services pour un LMNP ?,"Nous proposons un forfait transparent et fixe, adapté au nombre de biens. De plus, sachez que 2/3 des honoraires comptables sont directement déductibles de votre impôt sur le revenu (réduction d'impôt pour frais de comptabilité) si vous adhérez à un OGA.",Est-ce vraiment rentable pour un seul appartement ?,"Oui, dans la très grande majorité des cas. L'économie d'impôt réalisée via le régime réel (grâce aux amortissements) est bien supérieure au coût résiduel de l'expert-comptable. Notre audit gratuit sert justement à valider cette rentabilité avant tout engagement.","Je suis déjà en LMNP, puis-je changer pour Keobiz ?",Tout à fait. Nous nous occupons de récupérer votre dossier auprès de votre ancien comptable. La transition est fluide et sans interruption de service.,Quels documents dois-je fournir ?,"Pour l'audit et le démarrage, nous aurons besoin de l'acte d'achat, du tableau d'amortissement de prêt, des baux et du montant des charges. Tout se transmet via notre espace sécurisé en ligne.",Proposez-vous une garantie en cas d'erreur ?,"Absolument. En tant qu'experts-comptables inscrits à l'Ordre, nous disposons d'une assurance Responsabilité Civile Professionnelle. Nous garantissons la conformité de vos déclarations fiscales."
expert-comptable-immobilier,Expert Comptable Immobilier LMNP & SCI - Audit Gratuit | Keobiz,Combien coûte votre accompagnement comptable ?,"Nous proposons des forfaits transparents adaptés au nombre de biens (par lot). De plus, pour les LMNP, nos honoraires sont déductibles et vous bénéficiez d'une réduction d'impôt pour frais de comptabilité (2/3 des honoraires remboursés en réduction d'impôt).","Je suis déjà chez un comptable, comment changer ?",C'est très simple. Nous nous occupons de récupérer votre dossier et de contacter votre ancien prestataire. La transition est fluide et sans coupure de service.,Que se passe-t-il en cas de contrôle fiscal ?,Pas de panique. Notre garantie inclut l'assistance complète. Nous répondons aux demandes de l'administration et justifions chaque chiffre déclaré. Vous n'êtes jamais seul.,Suis-je obligé d'avoir un expert-comptable pour du LMNP ?,"Ce n'est pas une obligation légale, mais c'est fortement recommandé pour le régime Réel. Le risque d'erreur est élevé et sans expert-comptable, vous ne pouvez pas adhérer à un CGA (Centre de Gestion Agréé) ni bénéficier de la réduction d'impôt pour frais de comptabilité.",,
expert-comptable-hotellerie,Expert-Comptable Hôtellerie : Audit & Gestion Optimisée | Keobiz,Connaissez-vous vraiment les spécificités de l'hôtellerie ?,"Absolument. Nous accompagnons plus de 300 établissements. Nous maîtrisons les conventions collectives HCR, les taux de TVA mixtes et les problématiques de saisonnalité spécifiques à votre métier.",Comment se passe la transition si j'ai déjà un comptable ?,"C'est très simple. Nous nous occupons de tout : récupération des historiques, contact avec l'ancien cabinet et mise en place des nouveaux outils. Vous n'avez aucune démarche complexe à faire.",Proposez-vous un accompagnement pour la gestion de la paie ?,"Oui, nous avons un pôle social dédié qui gère vos bulletins de paie, les contrats saisonniers, les extras et toutes les déclarations sociales obligatoires.",Combien coûte votre service spécialisé ?,"Nos tarifs sont adaptés à la taille de votre établissement (nombre de chambres, volume d'affaires). Nous proposons des forfaits transparents sans coûts cachés. Demandez un devis gratuit pour une estimation précise.",,
expert-comptable-infirmiere-liberale,Expert Comptable Infirmière Libérale : Bilan Gratuit - Keobiz,Est-ce que vos honoraires sont déductibles de mes frais ?,"Absolument. 100% de nos honoraires comptables sont déductibles de votre résultat professionnel (BNC). De plus, en adhérant à une AGA (association de gestion agréée) via nos conseils, vous évitez la majoration de 25% (selon législation en vigueur) et bénéficiez d'une réduction d'impôt pour frais de comptabilité sous conditions.","Je suis déjà chez un comptable, comment changer ?","C'est très simple : nous nous occupons de tout. Nous rédigeons la lettre de résiliation pour votre ancien expert-comptable et nous récupérons votre dossier (FEC, bilans précédents). La transition est transparente pour vous, sans interruption de service.","Connaissez-vous vraiment les spécificités IDEL (IK, SNIR, etc.) ?","Oui, nous avons une équipe dédiée aux professions de santé. Nous maîtrisons le calcul des frais kilométriques, le relevé SNIR, les cotisations CARPIMKO et URSSAF, ainsi que les règles spécifiques aux remplaçantes et collaboratrices.",Que se passe-t-il en cas de contrôle fiscal ?,"Vous n'êtes jamais seule. Nous préparons les éléments, répondons aux questions de l'inspecteur et vous assistons tout au long de la procédure. Notre garantie couvre les pénalités si l'erreur venait de nos services.",,
expert-comptable-vtc,Expert Comptable VTC : Gestion Fiscale Simplifiée & Optimisée | Keobiz,Quel est le coût de votre accompagnement VTC ?,"Nous proposons des forfaits mensuels fixes et transparents, adaptés à votre statut (Micro-entreprise, SASU, EURL). Aucun frais caché, tout est inclus dans le devis initial.",Comment se passe la récupération de mes factures Uber/Bolt ?,C'est automatique. Nous connectons notre logiciel à vos plateformes VTC. Vous n'avez pas besoin de télécharger et d'envoyer vos relevés chaque semaine.,"Je suis déjà chez un comptable, comment changer ?",Nous nous occupons de tout. Nous rédigeons la lettre de résiliation et contactons votre ancien comptable pour récupérer votre historique (FEC). La transition est transparente pour vous.,Que se passe-t-il en cas de contrôle fiscal ?,"Pas de panique. En tant que client Keobiz, nous gérons les échanges avec l'administration fiscale et défendons votre dossier. Vous n'êtes jamais seul.",Aidez-vous à la création de société VTC ?,"Oui, tout à fait. Nous offrons la création de votre statut (SASU, EURL) si vous souscrivez à notre pack comptabilité. Nous gérons le Kbis en 48h."
expert-comptable-consultant-freelance,Expert Comptable Consultant Freelance : Audit Offert | Keobiz,Pourquoi choisir un freelance plutôt qu'un gros cabinet ?,"Pour la réactivité et la relation directe. Avec moi, vous n'êtes pas un numéro de dossier. Vous avez un interlocuteur unique qui connaît votre business par cœur, sans les coûts de structure d'un grand cabinet.",Quels sont vos tarifs ?,La transparence est totale. Je propose des forfaits mensuels fixes adaptés à votre volume d'activité. Aucun coût caché. Un devis précis est établi après notre premier audit gratuit.,Est-ce compliqué de changer d'expert-comptable ?,"Non, c'est très simple. Je m'occupe de toutes les démarches administratives pour récupérer votre dossier auprès de votre ancien comptable. La transition est transparente pour vous.","Je suis micro-entrepreneur, est-ce utile pour moi ?","Absolument. Dès que vous dépassez certains seuils (TVA) ou que vous avez des frais, l'accompagnement devient rentable pour éviter les erreurs coûteuses et préparer le passage en société.",Mes données sont-elles en sécurité ?,Oui. J'utilise des outils certifiés et sécurisés (chiffrement bancaire) conformes au RGPD. La confidentialité de vos données est garantie par le secret professionnel.
expert-comptable-hotellerie-et-restauration,Expert-Comptable Hôtellerie & Restauration : Diagnostic Gratuit | Keobiz,Gérez-vous la paie des extras et saisonniers ?,"Oui, absolument. Nous connaissons les spécificités de la convention collective HCR. Nous gérons les DPAE, contrats courts, calcul des congés payés et avantages en nature pour sécuriser vos embauches.","Je suis déjà chez un comptable, le transfert est-il compliqué ?","Non, c'est très simple. Nous prenons en charge la totalité des démarches de transfert (lettre de mission, récupération des historiques). Vous n'avez rien à faire, nous assurons la continuité de service sans coupure.",En quoi consiste le diagnostic gratuit ?,"C'est un audit de 30 minutes avec un expert H&R. Nous analysons votre situation actuelle, identifions les risques fiscaux/sociaux éventuels et estimons les économies réalisables. C'est sans engagement.",Vos tarifs sont-ils adaptés aux petites structures ?,"Oui, nos forfaits sont modulables selon la taille de votre établissement (CA, nombre de salariés). Vous payez pour ce dont vous avez besoin, avec une transparence totale des coûts.",,
expert-comptable-kinesitherapeute-liberal,Expert-Comptable Kinésithérapeute Libéral | Keobiz Spécialiste Santé,"Je suis déjà chez un comptable, le changement est-il compliqué ?","Non, c'est très simple. Nous nous occupons de récupérer votre dossier auprès de votre ancien comptable et gérons la transition sans interruption de service. La lettre de mission se signe électroniquement en 5 minutes.",Connaissez-vous les spécificités liées à la CPAM et aux rétrocessions ?,"Absolument. Nous gérons quotidiennement des dossiers de kinésithérapeutes. Nous maîtrisons le traitement des relevés SNIR, les rétrocessions d'honoraires (pour les assistants/collaborateurs) et les particularités des redevances en cabinet de groupe.",Combien coûte votre accompagnement ?,"Nos forfaits sont transparents et adaptés à votre volume d'activité (CA). Contrairement à un cabinet traditionnel, tout est inclus (bilan, conseils, déclarations) sans honoraires surprises. Demandez un devis pour un tarif précis.",Comment se passe la transmission de mes documents ?,"Tout se fait via notre application mobile sécurisée ou par email. Prenez vos factures en photo, nous les traitons. Plus besoin de se déplacer pour déposer des classeurs.",Suis-je engagé sur la durée ?,"Nous croyons en la qualité de notre service pour vous fidéliser. Nos contrats sont généralement annuels pour couvrir l'exercice fiscal, mais nous proposons une garantie 'satisfait ou remboursé' sur le premier mois pour vous rassurer."
expert-comptable-profession-libérale,Expert Comptable Profession Libérale - Keobiz : Fiscalité Optimisée,Est-ce compliqué de changer d'expert-comptable pour Keobiz ?,"Non, c'est très simple. Nous nous occupons de tout : nous contactons votre ancien expert-comptable pour récupérer votre dossier et l'historique. La transition est transparente et sans coupure de service pour vous.",Vos tarifs sont-ils vraiment tout inclus ?,"Oui. Notre lettre de mission détaille précisément le périmètre (tenue, déclarations fiscales, bilan, conseil illimité). Le prélèvement est mensuel et fixe. Les seules options payantes sont des missions exceptionnelles (ex: création de statuts juridiques complexes) validées sur devis.","Connaissez-vous les spécificités de ma profession (santé, droit, etc.) ?","Absolument. Nous avons des équipes dédiées aux BNC et aux professions réglementées. Nous maîtrisons les spécificités des médecins (conventionnés ou non), avocats (CARPA), architectes et consultants.",Suis-je engagé sur la durée ?,"Chez Keobiz, nous croyons à la qualité de notre service pour vous retenir. Nos contrats sont sans engagement de durée, avec un préavis standard d'un mois.",,
expert-comptable-dentiste-liberal,Expert Comptable Dentiste Libéral : Optimisation & Audit Gratuit - Keobiz,Comment se passe la transition si j'ai déjà un expert-comptable ?,"C'est très simple. Nous nous occupons de récupérer l'ensemble de votre dossier auprès de votre ancien prestataire (lettre de mission, balance, grand livre). La continuité de service est assurée sans interruption pour votre cabinet.",En quoi consiste l'audit fiscal gratuit ?,"Il s'agit d'un rendez-vous de 20 minutes où nous analysons votre situation actuelle (statut, chiffre d'affaires, charges) pour identifier immédiatement les leviers d'optimisation fiscale et sociale possibles.",Connaissez-vous vraiment les spécificités du métier de dentiste ?,"Oui. Nous gérons plus de 500 cabinets dentaires. Nous maîtrisons parfaitement les sujets liés à la CARCDSF, les amortissements de matériel médical coûteux, la TVA sur les prothèses et les regroupements en SELARL.",Vos tarifs sont-ils transparents ?,"Absolument. Nous fonctionnons au forfait mensuel, sans coût caché pour le bilan. Tout est défini dans la lettre de mission avant de commencer. Vous savez exactement ce que vous payez.",Suis-je engagé sur la durée ?,"Non, nos offres sont généralement sans engagement de durée pluriannuelle contraignante. Nous misons sur la qualité de notre service pour vous fidéliser, pas sur des clauses contractuelles abusives."
expert-comptable-photographe-freelance,Expert-Comptable pour Photographe Freelance : Devis Gratuit | Keobiz,Connaissez-vous les spécificités des photographes (Agessa/MDA) ?,"Oui, absolument. Nous maîtrisons les spécificités liées aux droits d'auteur, au précompte et aux statuts hybrides (artisan/auteur) fréquents chez les photographes.",Est-ce compatible avec mon logiciel de facturation ?,"Oui, Keobiz se connecte à la plupart des banques et outils de facturation. Vous n'avez qu'à prendre vos justificatifs en photo via notre app, nous nous occupons du reste.",Combien ça coûte ?,"Nos tarifs sont adaptés à votre volume d'activité et commencent bas pour les freelances. Le devis est 100% transparent, sans frais cachés pour le bilan.",Puis-je changer d'expert-comptable en cours d'année ?,"Oui, c'est très simple. Nous prenons en charge la reprise de votre dossier et les communications avec votre ancien cabinet. La transition est fluide et sans coupure.",,
expert-comptable-osteopathe-liberal,Expert Comptable Ostéopathe Libéral - Keobiz : Devis & Audit Gratuit,"Je suis déjà chez un comptable, est-ce compliqué de changer ?","Non, c'est très simple. Nous rédigeons la lettre de résiliation pour vous et nous contactons votre ancien expert-comptable pour récupérer votre dossier. Nous assurons la continuité sans coupure de service.",Combien coûte un expert-comptable pour ostéopathe ?,"Nos forfaits sont transparents et adaptés à votre volume d'activité. Contrairement aux cabinets classiques qui facturent au temps passé, vous connaissez votre forfait à l'avance. Demandez un devis pour un tarif précis.","Connaissez-vous les spécificités de l'ostéopathie (AGA, CARPIMKO) ?","Oui, absolument. Nous gérons des centaines d'ostéopathes. Nous maîtrisons parfaitement les déductions spécifiques (blanchissage, formation continue), les relations avec les AGA et le fonctionnement de la CARPIMKO.",Que se passe-t-il en cas de contrôle fiscal ?,Pas de panique. Notre offre inclut l'assistance en cas de contrôle. Nous répondons aux questions de l'administration et défendons la comptabilité que nous avons produite.,Suis-je engagé sur la durée ?,"Nous croyons en la qualité de notre service. Nos lettres de mission prévoient des conditions de résiliation claires. Notre objectif est votre satisfaction, pas de vous piéger."
expert-comptable-service-à-la-personne,Expert-Comptable Service à la Personne : Conformité & Optimisation - Keobiz,Combien coûte un expert-comptable pour mon activité ?,"Nos tarifs sont adaptés à la taille de votre structure (micro-entreprise ou société). Grâce à nos outils digitaux, nous proposons des forfaits compétitifs tout inclus. L'audit initial est gratuit pour vous donner une estimation précise.",Gérez-vous l'Avance immédiate de crédit d'impôt ?,"Absolument. Nous vous accompagnons dans la mise en place et la gestion de l'Avance immédiate, un atout commercial majeur pour vos clients particuliers.",Est-ce compliqué de changer d'expert-comptable pour venir chez vous ?,"Non, c'est très simple. Nous prenons en charge toutes les démarches de transfert de dossier auprès de votre ancien cabinet. Vous n'avez rien à faire, nous assurons la continuité de service.",Suis-je engagé sur la durée ?,Nous croyons en la qualité de notre service pour vous fidéliser. Nos contrats sont clairs et sans engagement de durée abusive. L'audit initial est quant à lui 100% gratuit et sans engagement.,,
expert-comptable-garage-automobile,Expert Comptable Garage Automobile : Audit Gratuit & Économies | Keobiz,Combien coûte votre service pour un garage ?,"Nous proposons des forfaits transparents et fixes, adaptés à la taille de votre atelier (CA et nombre de salariés). Pas de surprise en fin d'année. L'audit initial est 100% gratuit.",Connaissez-vous vraiment les spécificités de la mécanique ?,"Oui, nous avons une division dédiée aux métiers de l'automobile. Nous maîtrisons parfaitement la TVA sur marge, la gestion des pièces détachées et les amortissements spécifiques aux équipements d'atelier.",C'est compliqué de changer d'expert-comptable ?,"Non, c'est très simple. Nous prenons en charge toutes les démarches administratives pour récupérer votre dossier auprès de votre ancien comptable. Vous n'avez rien à faire.","Je suis en retard dans ma comptabilité, pouvez-vous m'aider ?",Absolument. Nous réalisons un audit de rattrapage pour mettre vos comptes à jour rapidement et éviter les pénalités de retard. Contactez-nous vite pour stopper l'hémorragie.,,
expert-comptable-estheticienne,Expert-Comptable Esthéticienne : Spécialiste Instituts & Salons,Combien coûte un expert-comptable pour un institut de beauté ?,"Chez Keobiz, nous proposons des forfaits transparents et adaptés à votre volume d'activité, sans frais cachés. Demandez un devis gratuit pour obtenir une proposition personnalisée en moins de 24h.","Je suis déjà chez un comptable, est-ce compliqué de changer ?",Absolument pas. Nous prenons en charge toutes les démarches administratives de transfert et récupérons votre dossier auprès de votre ancien comptable. Vous n'avez rien à faire.,Gérez-vous aussi les paies de mes employées ?,"Oui, notre pôle social s'occupe de l'édition des bulletins de paie, des contrats de travail et des déclarations sociales pour vos esthéticiennes salariées ou apprenties.",Suis-je engagée sur la durée ?,"Nos contrats sont clairs. Nous misons sur la qualité de notre service pour vous fidéliser, pas sur des clauses abusives.",,
