Pages métiers,,Mot clé principal,Prix à partir de 
https://www.keobiz.fr/metier/immobilier/,https://staging.site.keobiz.fr/metier/immobilier/,expert comptable immobilier,"89,00 €"
https://www.keobiz.fr/metier/btp/,https://staging.site.keobiz.fr/metier/btp/,expert comptable btp,"129,00 €"
https://www.keobiz.fr/metier/e-commerce/,https://staging.site.keobiz.fr/metier/e-commerce/,expert comptable e commerce,"129,00 €"
,,expert comptable industrie,"119,00 €"
https://www.keobiz.fr/metier/artisan-et-commercant/,https://staging.site.keobiz.fr/metier/artisan-et-commercant/,expert comptable artisan,"109,00 €"
https://www.keobiz.fr/metier/hotellerie-et-restauration/,https://staging.site.keobiz.fr/metier/hotellerie-et-restauration/,expert comptable hotellerie,"129,00 €"
,,expert comptable informatique,"89,00 €"
https://www.keobiz.fr/metier/commercant/ ,https://staging.site.keobiz.fr/metier/commercant/ ,expert comptable commerce,"129,00 €"
https://www.keobiz.fr/metier/profession-liberale/,https://staging.site.keobiz.fr/metier/profession-liberale/,expert comptable profession libérale,"91,00 €"
https://www.keobiz.fr/metier/artisan-et-commercant/boucherie-charcuterie/,https://staging.site.keobiz.fr/metier/artisan-et-commercant/boucherie-charcuterie/,expert comptable boucherie charcuterie,"129,00 €"
https://www.keobiz.fr/metier/profession-liberale/medecin-liberal/,https://staging.site.keobiz.fr/metier/profession-liberale/medecin-liberal/,expert comptable medecin liberal,"89,00 €"
https://www.keobiz.fr/metier/profession-liberale/dentiste-liberal/,https://staging.site.keobiz.fr/metier/profession-liberale/dentiste-liberal/,expert comptable dentiste liberal,"89,00 €"
https://www.keobiz.fr/metier/freelance-independant/,https://staging.site.keobiz.fr/metier/freelance-independant/,expert comptable pour freelance,"89,00 €"
https://www.keobiz.fr/metier/freelance-independant/photographe-freelance/,https://staging.site.keobiz.fr/metier/freelance-independant/photographe-freelance/,expert comptable photographe freelance,"89,00 €"
https://www.keobiz.fr/metier/commercant/fleuriste/,https://staging.site.keobiz.fr/metier/commercant/fleuriste/,expert comptable fleuriste,"129,00 €"
https://www.keobiz.fr/metier/immobilier/lmnp/,https://staging.site.keobiz.fr/metier/immobilier/lmnp/,expert comptable lmnp,"49,00 €"
https://www.keobiz.fr/metier/profession-liberale/infirmiere-liberale/,https://staging.site.keobiz.fr/metier/profession-liberale/infirmiere-liberale/,expert comptable infirmiere liberale,"89,00 €"
https://www.keobiz.fr/metier/transport-personnes/,https://staging.site.keobiz.fr/metier/transport-personnes/,expert comptable VTC,"109,00 €"
https://www.keobiz.fr/metier/artisan-et-commercant/plombier/,https://staging.site.keobiz.fr/metier/artisan-et-commercant/plombier/,expert comptable plombier,"129,00 €"
https://www.keobiz.fr/metier/freelance-independant/consultant-freelance/,https://staging.site.keobiz.fr/metier/freelance-independant/consultant-freelance/,expert comptable consultant freelance,"88,00 €"
https://www.keobiz.fr/metier/profession-liberale/osteopathe-liberal/,https://staging.site.keobiz.fr/metier/profession-liberale/osteopathe-liberal/,expert comptable osteopathe liberal,"89,00 €"
https://www.keobiz.fr/metier/profession-liberale/psychologue/,https://staging.site.keobiz.fr/metier/profession-liberale/psychologue/,expert comptable psychologue,"89,00 €"
https://www.keobiz.fr/metier/profession-liberale/sage-femme-liberale/,https://staging.site.keobiz.fr/metier/profession-liberale/sage-femme-liberale/,expert comptable sage femme liberale,"89,00 €"
https://www.keobiz.fr/metier/profession-liberale/kinesitherapeute-liberal/,https://staging.site.keobiz.fr/metier/profession-liberale/kinesitherapeute-liberal/,expert comptable kinesitherapeute liberal,"89,00 €"
https://www.keobiz.fr/metier/transport-de-marchandises/,https://staging.site.keobiz.fr/metier/transport-de-marchandises/,expert comptable transport de marchandises,"109,00 €"
https://www.keobiz.fr/metier/hotellerie-et-restauration/,https://staging.site.keobiz.fr/metier/hotellerie-et-restauration/,expert comptable hotellerie et restauration,"129,00 €"
https://www.keobiz.fr/metier/commercant/depot-de-presse/,https://staging.site.keobiz.fr/metier/commercant/depot-de-presse/,expert comptable presse,"129,00 €"
https://www.keobiz.fr/metier/services-a-la-personne/,https://staging.site.keobiz.fr/metier/services-a-la-personne/,expert comptable service à la personne,"99,00 €"
https://www.keobiz.fr/metier/commercant/poissonnerie/,https://staging.site.keobiz.fr/metier/commercant/poissonnerie/,expert comptable poissonnerie,"129,00 €"
https://www.keobiz.fr/metier/commercant/garage-automobile/,https://staging.site.keobiz.fr/metier/commercant/garage-automobile/,expert comptable garage automobile,"129,00 €"
https://www.keobiz.fr/metier/commercant/librairie/,https://staging.site.keobiz.fr/metier/commercant/librairie/,expert comptable librairie,"129,00 €"
https://www.keobiz.fr/metier/commercant/estheticienne/,https://staging.site.keobiz.fr/metier/commercant/estheticienne/,expert comptable estheticienne,"99,00 €"
https://www.keobiz.fr/metier/freelance-independant/artiste/,https://staging.site.keobiz.fr/metier/freelance-independant/artiste/,expert comptable artiste,"79,00 €"
https://www.keobiz.fr/metier/hotellerie-et-restauration/traiteur/,https://staging.site.keobiz.fr/metier/hotellerie-et-restauration/traiteur/,expert comptable traiteur,"129,00 €"
https://www.keobiz.fr/metier/freelance-independant/graphiste-freelance/,https://staging.site.keobiz.fr/metier/freelance-independant/graphiste-freelance/,expert comptable graphiste freelance,"99,00 €"
https://www.keobiz.fr/metier/commercant/boulangerie/,https://staging.site.keobiz.fr/metier/commercant/boulangerie/,expert comptable boulangerie,"129,00 €"
https://www.keobiz.fr/metier/btp/architecte/,https://staging.site.keobiz.fr/metier/btp/architecte/,expert comptable architecte,"99,00 €"
https://www.keobiz.fr/metier/gestion-de-patrimoine/,https://staging.site.keobiz.fr/metier/gestion-de-patrimoine/,expert comptable gestion de patrimoine,"99,00 €"
https://www.keobiz.fr/metier/commercant/bar/,https://staging.site.keobiz.fr/metier/commercant/bar/,expert comptable bar,"109,00 €"
https://www.keobiz.fr/metier/services-aux-entreprises/,https://staging.site.keobiz.fr/metier/services-aux-entreprises/,expert comptable services aux entreprises,"99,00 €"
https://www.keobiz.fr/metier/commercant/salon-de-coiffure/,https://staging.site.keobiz.fr/metier/commercant/salon-de-coiffure/,expert comptable salon de coiffure,"109,00 €"
https://www.keobiz.fr/metier/freelance-independant/developpeur-freelance/,https://staging.site.keobiz.fr/metier/freelance-independant/developpeur-freelance/,expert comptable developpeur freelance,"89,00 €"
https://www.keobiz.fr/metier/profession-liberale/,https://staging.site.keobiz.fr/metier/profession-liberale/,expert comptable profession liberale,"89,00 €"
,,expert comptable électricien,"129,00 €"
,,expert comptable plomberie,"129,00 €"
,,expert comptable menuisier,"129,00 €"
,,expert comptable charpentier,"129,00 €"
,,expert comptable commerce de gros,"109,00 €"
,,expert comptable coiffeur,"129,00 €"
,,expert comptable ESN,"89,00 €"
,,expert comptable enseignement,"89,00 €"
,,expert comptable formateur,"89,00 €"
,,expert comptable bureau d'étude,"89,00 €"
,,expert comptable courtier,"89,00 €"
,,expert comptable courtier en assurance,"89,00 €"
,,expert comptable SCI,"49,00 €"
,,expert comptable holding,"49,00 €"
,,expert comptable dropshipping,"129,00 €"
,,expert comptable consultant,"89,00 €"
,,expert comptable agence immobilière,"89,00 €"
,,expert comptable automobile,"119,00 €"
,,expert comptable services aux entreprises,"89,00 €"